kabupaten,primer_q1,primer_q2,primer_q3,primer_q4,primer_tahun,sekunder_q1,sekunder_q2,sekunder_q3,sekunder_q4,sekunder_tahun,tersier_q1,tersier_q2,tersier_q3,tersier_q4,tersier_tahun,pdrb_q1,pdrb_q2,pdrb_q3,pdrb_q4,pdrb_tahun
Simeulue,336.03,361.73,342.16,384.35,1424.28,69.42,73.79,86.13,89.69,319.03,389.84,410.82,445.62,448.31,1694.60,795.30,846.34,873.91,922.36,3437.91
Aceh Singkil,317.32,323.24,355.27,368.79,1364.62,126.47,138.56,148.30,145.68,559.01,437.36,459.84,464.45,459.21,1820.86,881.16,921.65,968.02,973.68,3744.49
Aceh Selatan,687.96,748.91,702.80,700.14,2839.82,332.70,341.58,365.74,373.44,1413.46,895.41,969.59,979.79,937.11,3781.89,1916.07,2060.09,2048.33,2010.69,8035.17
Aceh Tenggara,784.75,837.72,778.71,843.55,3244.74,124.19,125.80,132.76,129.66,512.41,821.44,875.50,862.55,913.59,3473.07,1730.38,1839.01,1774.02,1886.80,7230.21
Aceh Timur,1943.18,1987.23,2083.10,2051.73,8065.24,409.41,425.13,456.39,436.48,1727.41,1448.73,1512.63,1520.78,1446.17,5928.31,3801.32,3924.99,4060.27,3934.38,15720.96
Aceh Tengah,1343.70,1273.40,1352.90,1586.55,5556.55,337.69,340.46,369.51,359.57,1407.24,1084.96,1140.63,1205.18,1109.00,4539.77,2766.35,2754.50,2927.59,3055.12,11503.56
Aceh Barat,2021.53,2044.99,2084.50,1971.81,8122.83,309.65,320.75,374.93,429.72,1435.05,1335.61,1313.96,1290.97,1330.33,5270.88,3666.80,3679.70,3750.40,3731.86,14828.76
Aceh Besar,1470.89,1302.76,1301.97,1386.53,5462.15,911.98,978.06,1028.83,1009.73,3928.60,2364.04,2587.87,2606.31,2606.19,10164.41,4746.90,4868.70,4937.11,5002.45,19555.16
Pidie,1701.73,1676.36,1740.30,1912.26,7030.65,314.37,315.43,332.90,348.51,1311.21,1709.86,1848.54,1837.01,1824.48,7219.89,3725.96,3840.33,3910.21,4085.26,15561.75
Bireuen,1659.49,1837.53,1747.50,2003.27,7247.79,467.50,467.60,473.61,479.50,1888.20,2558.91,2713.75,2702.02,2713.09,10687.77,4685.90,5018.88,4923.12,5195.86,19823.76
Aceh Utara,4386.12,4238.82,4422.28,4077.68,17124.89,810.89,935.53,925.60,901.60,3573.61,2449.34,2628.32,2552.36,2481.01,10111.03,7646.35,7802.67,7900.23,7460.28,30809.53
Aceh Barat Daya,479.60,477.53,514.76,482.62,1954.51,204.70,220.00,237.55,258.72,920.97,679.27,745.79,744.07,743.63,2912.77,1363.57,1443.32,1496.38,1484.98,5788.24
Gayo Lues,390.90,389.06,427.89,437.05,1644.90,167.73,182.62,184.74,177.35,712.44,347.33,369.71,365.21,360.40,1442.66,905.96,941.39,977.84,974.80,3799.99
Aceh Tamiang,1823.98,1701.08,1690.35,1696.75,6912.15,414.06,385.46,398.61,406.95,1605.08,831.70,908.46,912.59,835.81,3488.55,3069.73,2995.00,3001.55,2939.51,12005.78
Nagan Raya,1997.37,2002.92,2048.19,2365.55,8414.04,379.07,394.26,424.68,442.36,1640.37,765.02,840.19,842.90,805.36,3253.47,3141.47,3237.37,3315.77,3613.27,13307.88
Aceh Jaya,318.30,333.30,364.57,393.73,1409.89,159.46,191.00,206.00,227.30,783.76,400.67,412.30,422.31,449.83,1685.10,878.42,936.59,992.88,1070.86,3878.75
Bener Meriah,973.17,909.68,996.38,1100.20,3979.43,255.69,272.29,279.32,265.84,1073.14,478.59,513.02,526.76,482.95,2001.32,1707.46,1694.98,1802.46,1848.99,7053.89
Pidie Jaya,583.32,616.68,615.86,642.89,2458.75,113.43,113.84,120.20,111.88,459.35,513.08,524.83,534.37,524.16,2096.43,1209.82,1255.34,1270.42,1278.93,5014.53
Kota Banda Aceh,100.80,96.48,141.18,175.38,513.85,525.47,504.48,595.74,629.23,2254.92,5887.74,6212.35,6499.64,6594.95,25194.69,6514.02,6813.31,7236.57,7399.57,27963.46
Kota Sabang,37.41,38.85,41.56,43.61,161.42,135.60,140.95,156.25,172.51,605.32,286.24,303.14,305.78,312.07,1207.23,459.25,482.94,503.58,528.19,1973.97
Kota Langsa,186.26,188.97,183.28,178.45,736.97,333.23,340.75,348.64,346.74,1369.36,1357.01,1413.27,1414.66,1431.80,5616.74,1876.51,1942.98,1946.58,1956.99,7723.06
Kota Lhokseumawe,297.37,308.04,313.12,317.74,1236.27,905.02,919.16,944.95,950.88,3720.01,1862.37,1952.70,1962.68,1986.88,7764.63,3064.76,3179.90,3220.75,3255.49,12720.91
Kota Subulussalam,191.36,194.16,203.42,214.26,803.20,219.90,235.45,259.66,264.39,979.40,288.89,307.63,302.75,306.21,1205.49,700.15,737.23,765.83,784.86,2988.08
Nias,807.18,824.61,838.20,846.93,3316.91,136.85,138.07,146.02,149.57,570.50,432.54,447.09,449.38,452.40,1781.40,1376.56,1409.76,1433.60,1448.89,5668.82
Mandailing Natal,2771.56,2844.04,2898.55,2798.84,11312.99,1147.88,1166.98,1193.96,1222.87,4731.70,1448.24,1511.53,1467.65,1571.82,5999.23,5367.68,5522.55,5560.17,5593.53,22043.92
Tapanuli Selatan,3315.59,3544.54,3751.93,3527.64,14139.70,903.61,939.56,976.41,982.71,3802.30,1360.51,1418.18,1390.52,1526.79,5696.01,5579.71,5902.28,6118.87,6037.15,23638.00
Tapanuli Tengah,1752.17,1809.56,1832.54,1731.36,7125.64,815.39,835.17,859.42,855.34,3365.32,1005.68,1028.10,1035.75,999.17,4068.69,3573.24,3672.84,3727.71,3585.87,14559.65
Tapanuli Utara,1307.65,1380.20,1376.74,1380.16,5444.76,460.14,461.41,467.86,479.09,1868.51,1154.93,1180.28,1175.70,1227.55,4738.47,2922.73,3021.90,3020.31,3086.81,12051.74
Toba Samosir,846.10,847.92,873.92,850.81,3418.75,632.87,651.11,672.17,678.76,2634.91,1158.59,1169.76,1199.30,1250.56,4778.20,2637.56,2668.79,2745.40,2780.13,10831.86
Labuhan Batu,3879.04,4101.86,4343.58,4332.90,16657.38,5223.19,5377.14,5708.32,5676.72,21985.37,3926.28,4007.62,3975.84,4276.78,16186.52,13028.51,13486.62,14027.74,14286.40,54829.28
Asahan,6682.48,7073.64,7395.23,7197.41,28348.76,3949.16,4026.19,4167.42,4174.50,16317.26,4434.16,4580.20,4688.94,4774.92,18478.22,15065.79,15680.03,16251.60,16146.83,63144.24
Simalungun,9000.16,9347.56,9562.80,9506.34,37416.86,2798.71,2875.23,2941.93,3086.97,11702.84,3770.28,3870.03,3936.99,4113.16,15690.47,15569.15,16092.82,16441.73,16706.47,64810.17
Dairi,1471.83,1501.84,1519.72,1528.11,6021.50,422.83,425.82,439.21,444.16,1732.02,1406.69,1448.14,1465.91,1542.80,5863.55,3301.35,3375.80,3424.85,3515.07,13617.06
Karo,4096.04,4060.15,4077.46,3734.21,15967.86,790.87,805.07,818.02,838.86,3252.82,2673.13,2783.60,2793.94,2991.47,11242.13,7560.04,7648.82,7689.42,7564.54,30462.81
Deli Serdang,4610.92,4802.68,5216.72,4690.97,19321.29,17622.38,17935.45,18655.88,18390.39,72604.11,16876.50,17238.09,17348.85,18859.04,70322.47,39109.80,39976.23,41221.45,41940.40,162247.88
Langkat,8707.59,9128.55,9375.84,9689.28,36901.26,3387.19,3492.61,3675.50,3786.63,14341.93,4112.05,4219.41,4169.94,4407.42,16908.83,16206.82,16840.57,17221.29,17883.34,68152.02
Nias Selatan,1209.15,1224.52,1236.46,1247.18,4917.32,326.71,339.35,347.73,356.78,1370.58,814.89,833.70,828.41,864.74,3341.74,2350.75,2397.58,2412.60,2468.70,9629.63
Humbang Hasundutan,967.74,994.70,1019.60,1000.97,3983.01,333.49,337.61,348.49,366.57,1386.16,835.47,860.74,868.23,897.47,3461.91,2136.70,2193.05,2236.31,2265.01,8831.08
Pakpak Bharat,264.83,266.67,269.22,271.04,1071.76,44.97,45.21,47.31,57.63,195.11,147.06,149.01,150.00,158.72,604.80,456.87,460.89,466.52,487.39,1871.67
Samosir,804.14,821.54,816.33,821.27,3263.29,197.11,194.22,196.14,200.97,788.44,597.95,626.40,608.42,624.61,2457.39,1599.20,1642.16,1620.90,1646.85,6509.11
Serdang Bedagai,5174.17,5356.25,5731.27,5480.22,21741.91,2854.05,2931.23,2986.37,2991.84,11763.49,3063.06,3145.60,3148.73,3357.41,12714.80,11091.27,11433.08,11866.37,11829.48,46220.20
Batu Bara,2854.36,2926.72,3084.38,2978.91,11844.37,6231.65,6411.96,6722.25,6550.79,25916.65,3238.19,3357.04,3432.95,3599.10,13627.27,12324.20,12695.71,13239.58,13128.81,51388.29
Padang Lawas Utara,2076.44,2150.70,2264.18,2294.92,8786.24,1410.09,1459.16,1530.39,1562.23,5961.86,1157.33,1186.25,1187.44,1257.87,4788.89,4643.86,4796.11,4982.01,5115.01,19536.99
Padang Lawas,2661.35,2768.57,2944.06,2943.47,11317.45,1428.85,1474.00,1548.86,1599.05,6050.76,769.85,790.85,790.88,836.13,3187.71,4860.05,5033.42,5283.80,5378.65,20555.91
Labuhan Batu Selatan,3719.23,3880.32,4031.99,3987.88,15619.42,5196.44,5304.58,5538.87,5523.21,21563.10,2153.34,2223.53,2287.16,2323.96,8987.98,11069.00,11408.43,11858.01,11835.05,46170.50
Labuhan Batu Utara,3983.67,4136.14,4298.94,4289.26,16708.00,3070.06,3161.06,3277.14,3349.20,12857.46,2399.79,2488.15,2547.56,2676.89,10112.39,9453.52,9785.35,10123.64,10315.34,39677.85
Nias Utara,744.31,756.69,758.59,774.40,3034.00,112.35,113.02,113.51,114.42,453.30,394.64,402.97,413.82,429.57,1641.00,1251.30,1272.69,1285.92,1318.39,5128.29
Nias Barat,375.20,378.00,381.04,386.16,1520.40,65.10,65.36,65.66,70.52,266.63,217.08,219.70,221.45,226.44,884.68,657.39,663.05,668.14,683.13,2671.71
Kota Sibolga,327.64,344.20,337.01,330.20,1339.04,320.66,316.95,322.70,321.67,1281.97,1210.21,1245.42,1260.59,1237.76,4953.99,1858.51,1906.57,1920.29,1889.62,7575.00
Kota Tanjung Balai,474.02,491.21,500.47,503.12,1968.82,1174.51,1177.48,1209.54,1291.60,4853.13,1540.00,1570.67,1578.24,1630.42,6319.33,3188.53,3239.36,3288.25,3425.14,13141.28
Kota Pematang Siantar,67.28,67.70,69.63,71.08,275.70,1292.51,1321.58,1341.11,1379.25,5334.45,3108.75,3177.06,3221.11,3334.03,12840.95,4468.54,4566.34,4631.85,4784.36,18451.10
Kota Tebing Tinggi,27.92,27.94,28.90,28.78,113.53,507.23,512.89,521.10,537.11,2078.33,1479.79,1509.00,1523.88,1560.51,6073.17,2014.94,2049.83,2073.87,2126.40,8265.04
Kota Medan,761.83,808.21,817.33,838.17,3225.54,27150.40,27976.50,28608.57,28286.26,112021.73,55918.68,59040.62,60903.15,62179.53,238041.98,83830.91,87825.33,90329.05,91303.96,353289.26
Kota Binjai,223.23,227.16,226.28,226.93,903.60,921.41,944.14,974.61,963.22,3803.37,2859.52,2976.45,3032.99,3068.42,11937.39,4004.17,4147.74,4233.88,4258.57,16644.36
Kota Padangsidimpuan,260.26,248.54,257.46,256.85,1023.11,322.61,326.50,338.06,350.93,1338.10,1631.39,1662.22,1716.03,1761.49,6771.12,2214.26,2237.27,2311.55,2369.27,9132.34
Kota Gunungsitoli,321.92,325.62,329.06,330.23,1306.84,356.52,370.64,371.83,374.41,1473.40,1196.86,1203.83,1214.75,1251.42,4866.87,1875.31,1900.09,1915.65,1956.06,7647.11
Kepulauan Mentawai,790.96,813.58,815.41,852.85,3272.80,251.50,256.64,273.90,281.98,1064.03,556.33,570.68,553.17,573.78,2253.95,1598.79,1640.90,1642.48,1708.61,6590.78
Pesisir Selatan,2047.75,2001.27,2055.55,2186.73,8291.30,883.65,891.84,952.61,944.64,3672.74,2062.94,2116.84,2062.47,2151.05,8393.31,4994.35,5009.95,5070.64,5282.42,20357.36
Solok,1964.83,1917.04,1919.32,1825.64,7626.83,672.88,683.20,744.80,728.47,2829.35,2196.58,2297.17,2227.58,2235.28,8956.61,4834.29,4897.40,4891.71,4789.39,19412.79
Sijunjung,1333.51,1352.96,1408.48,1423.91,5518.86,535.86,547.28,578.89,592.64,2254.67,1387.84,1418.27,1450.02,1507.09,5763.22,3257.21,3318.51,3437.38,3523.65,13536.75
Tanah Datar,1458.04,1375.70,1407.51,1405.38,5646.63,934.04,952.58,991.39,987.20,3865.22,2186.14,2303.20,2267.15,2203.70,8960.19,4578.22,4631.48,4666.05,4596.28,18472.04
Padang Pariaman,1861.78,1864.80,1869.25,1808.15,7403.99,1359.96,1360.24,1458.11,1432.13,5610.44,3565.75,3904.17,3741.98,3566.88,14778.78,6787.50,7129.21,7069.34,6807.16,27793.21
Agam,2393.13,2378.69,2427.59,2399.57,9598.98,1384.05,1404.37,1462.82,1409.75,5661.00,3492.79,3602.99,3580.87,3663.01,14339.66,7269.97,7386.06,7471.29,7472.33,29599.64
Lima Puluh Kota,2206.78,2188.58,2229.45,2320.91,8945.74,636.06,648.02,698.37,697.74,2680.18,2637.01,2740.58,2705.49,2777.38,10860.46,5479.85,5577.18,5633.32,5796.03,22486.38
Pasaman,1580.26,1556.31,1583.88,1581.38,6301.84,293.34,299.06,306.66,306.93,1205.99,1313.89,1373.07,1336.07,1378.92,5401.95,3187.49,3228.44,3226.61,3267.24,12909.78
Solok Selatan,774.72,770.02,775.87,805.35,3125.96,312.26,318.77,341.86,346.71,1319.60,915.54,937.95,926.14,932.01,3711.64,2002.53,2026.74,2043.87,2084.07,8157.20
Dharmasraya,1265.12,1305.44,1366.47,1343.99,5281.02,704.42,716.18,756.96,776.74,2954.30,1756.59,1804.93,1775.79,1827.19,7164.50,3726.12,3826.54,3899.22,3947.93,15399.82
Pasaman Barat,2381.99,2449.55,2660.68,2691.50,10183.72,1101.05,1118.23,1183.96,1185.39,4588.63,2017.38,2094.01,2035.54,2095.16,8242.09,5500.42,5661.79,5880.18,5972.05,23014.44
Kota Padang,1767.76,1849.56,1777.91,1934.01,7329.23,4527.89,4567.36,4838.89,4829.47,18763.61,15320.45,15842.20,15617.66,16114.27,62894.57,21616.10,22259.11,22234.46,22877.74,88987.41
Kota Solok,81.75,80.60,81.22,81.43,325.00,244.12,251.37,266.74,269.12,1031.35,1106.43,1145.14,1129.53,1141.86,4522.97,1432.30,1477.11,1477.49,1492.40,5879.31
Kota Sawah Lunto,167.62,165.04,160.99,172.40,666.05,304.58,304.11,331.80,323.70,1264.20,848.93,879.94,876.04,906.08,3510.98,1321.13,1349.09,1368.83,1402.19,5441.23
Kota Padang Panjang,67.97,68.04,67.23,66.42,269.66,217.25,217.26,231.66,237.24,903.41,948.39,979.99,973.35,992.86,3894.59,1233.61,1265.29,1272.24,1296.52,5067.66
Kota Bukittinggi,33.18,32.99,31.52,30.91,128.60,361.86,365.67,380.06,381.53,1489.11,2639.06,2724.10,2729.20,2709.98,10802.34,3034.10,3122.76,3140.77,3122.42,12420.04
Kota Payakumbuh,145.06,150.40,149.38,145.47,590.31,433.29,447.51,465.27,484.10,1830.17,1818.50,1867.41,1839.33,1867.25,7392.49,2396.85,2465.32,2453.98,2496.82,9812.97
Kota Pariaman,336.70,345.71,351.10,350.08,1383.58,375.99,383.63,414.53,408.94,1583.08,1042.83,1070.41,1078.38,1126.53,4318.15,1755.52,1799.74,1844.01,1885.55,7284.82
Kuantan Singingi,7931.69,8333.46,8459.03,8266.78,32990.96,4688.81,5089.89,5427.97,5362.42,20569.09,1120.39,1292.08,1242.13,1250.75,4905.36,13740.90,14715.44,15129.13,14879.95,58465.42
Indragiri Hulu,6642.90,6498.20,6599.99,6732.16,26473.25,6485.83,6395.24,7384.73,7121.57,27387.37,2796.89,2894.62,2933.73,3142.51,11767.76,15925.62,15788.06,16918.45,16996.24,65628.37
Indragiri Hilir,12207.31,11155.31,13068.06,13362.54,49793.21,8035.40,8489.18,8915.67,8197.92,33638.18,5079.91,5499.45,5186.94,5493.08,21259.38,25322.62,25143.94,27170.68,27053.54,104690.77
Pelalawan,8878.98,8708.53,9421.86,8910.19,35919.56,10540.27,10717.72,11285.46,11564.61,44108.06,1195.99,1275.82,1214.73,1309.00,4995.54,20615.23,20702.07,21922.05,21783.79,85023.15
Siak,15310.05,14531.99,15752.15,15346.20,60940.39,15210.08,15584.98,16408.74,16572.15,63775.95,1685.31,1825.34,1745.32,1811.70,7067.67,32205.44,31942.32,33906.21,33730.04,131784.01
Kampar,18487.46,17611.55,19007.59,18876.95,73983.55,10126.69,10308.95,11310.36,11204.82,42950.82,2302.60,2434.99,2287.33,2522.52,9547.45,30916.75,30355.49,32605.27,32604.29,126481.81
Rokan Hulu,9310.14,9381.92,10093.73,10038.95,38824.75,4515.41,4752.86,5046.69,4962.39,19277.36,1620.80,1831.70,1787.54,1942.91,7182.94,15446.35,15966.48,16927.96,16944.24,65285.04
Bengkalis,31115.28,28696.66,29410.04,28558.80,117780.78,9020.83,9571.57,9875.75,9320.75,37788.89,4634.76,4789.02,4864.16,4892.67,19180.60,44770.86,43057.25,44149.95,42772.22,174750.27
Rokan Hilir,19539.08,18806.83,19375.13,18290.03,76011.08,5749.67,6161.92,6496.62,6527.65,24935.86,1715.50,1846.99,1751.24,1867.66,7181.40,27004.26,26815.74,27622.99,26685.34,108128.34
Kepulauan Meranti,4110.27,3820.81,4049.95,4117.84,16098.88,2223.76,2176.75,2405.14,2568.92,9374.58,987.99,1099.37,975.59,1055.43,4118.37,7322.01,7096.94,7430.68,7742.19,29591.83
Kota Pekanbaru,711.34,699.51,730.77,732.44,2874.07,22618.25,22822.83,24189.77,25534.17,95165.02,20878.90,22713.62,20278.58,22621.66,86492.76,44208.49,46235.97,45199.12,48888.27,184531.85
Kota Dumai,855.57,809.37,813.95,706.04,3184.92,10245.43,9878.58,10302.27,11267.53,41693.81,3080.22,3297.65,3050.91,3388.63,12817.41,14181.22,13985.60,14167.12,15362.21,57696.15
Kerinci,2004.20,2088.42,2134.57,2073.94,8301.14,484.77,515.24,526.61,560.95,2087.56,1261.93,1356.02,1372.94,1430.64,5421.53,3750.91,3959.68,4034.11,4065.53,15810.23
Merangin,3694.42,3870.08,3945.99,3987.35,15497.83,852.47,895.76,916.48,959.02,3623.71,2040.20,2208.50,2220.02,2282.19,8750.91,6587.09,6974.33,7082.48,7228.56,27872.46
Sarolangun,3146.06,3270.87,3401.14,3475.44,13293.51,891.69,939.44,978.52,988.61,3798.27,1752.30,1899.23,1946.39,1958.93,7556.85,5790.05,6109.54,6326.05,6422.98,24648.62
Batang Hari,3798.50,4101.51,4198.27,4326.09,16424.38,1020.86,1068.44,1087.11,1122.36,4298.77,1868.17,1967.60,2014.01,2031.47,7881.25,6687.54,7137.55,7299.39,7479.92,28604.40
Muaro Jambi,6031.54,6305.00,6648.81,6721.58,25706.94,2000.40,2196.77,2241.96,2311.45,8750.57,2220.80,2414.26,2404.46,2448.34,9487.85,10252.74,10916.03,11295.23,11481.37,43945.36
Tanjung Jabung Timur,4598.43,4695.87,4885.84,4902.32,19082.45,942.89,992.91,1016.84,1055.87,4008.51,1772.64,1951.23,1977.41,2012.11,7713.38,7313.95,7640.01,7880.09,7970.29,30804.34
Tanjung Jabung Barat,9384.87,9547.44,9815.77,9810.70,38558.77,3108.31,3391.84,3439.42,3436.27,13375.85,2328.44,2487.24,2515.93,2556.76,9888.37,14821.62,15426.52,15771.13,15803.72,61822.99
Tebo,3621.17,3755.96,3799.29,3851.40,15027.82,682.47,727.93,753.60,776.99,2940.99,1638.52,1704.12,1733.61,1778.77,6855.02,5942.16,6188.01,6286.50,6407.16,24823.83
Bungo,2763.28,2929.06,2998.02,3072.59,11762.94,1207.27,1229.81,1277.53,1319.73,5034.34,2939.89,3152.45,3187.42,3211.02,12490.77,6910.45,7311.32,7462.97,7603.33,29288.06
Kota Jambi,262.30,257.33,261.77,260.07,1041.47,2090.36,2161.31,2252.35,2312.91,8816.93,8700.39,9408.01,9509.43,9626.64,37244.48,11053.05,11826.65,12023.55,12199.63,47102.89
Kota Sungai Penuh,158.68,169.24,172.96,169.71,670.58,290.36,288.67,299.64,292.02,1170.70,2197.97,2307.76,2315.84,2416.06,9237.63,2647.01,2765.68,2788.44,2877.79,11078.92
Ogan Komering Ulu,1554.55,1643.45,1752.49,1673.20,6623.69,1556.84,1628.26,1672.29,1696.37,6553.76,2171.79,2239.71,2317.69,2350.24,9079.43,5283.18,5511.42,5742.47,5719.81,22256.88
Ogan Komering Ilir,5787.57,5632.47,6320.97,5544.72,23285.73,4066.52,4369.00,4480.98,4430.13,17346.63,2428.80,2615.24,2609.93,2674.23,10328.20,12282.89,12616.71,13411.88,12649.07,50960.56
Muara Enim,21326.74,24996.36,27043.49,23857.43,97224.02,4089.36,4266.56,4373.83,4183.52,16913.27,3316.54,3625.66,3698.07,3418.77,14059.04,28732.64,32888.57,35115.39,31459.72,128196.33
Lahat,4631.81,5666.50,5756.29,5666.03,21720.62,844.83,889.18,928.90,936.87,3599.78,1702.36,1770.11,1771.40,1837.39,7081.25,7178.99,8325.79,8456.58,8440.28,32401.65
Musi Rawas,3750.07,4072.88,4126.38,4030.89,15980.23,1373.71,1380.89,1375.36,1440.29,5570.25,1389.88,1390.15,1411.04,1491.19,5682.26,6513.66,6843.92,6912.77,6962.38,27232.74
Musi Banyuasin,14669.98,14393.71,14926.64,15506.76,59497.09,4917.65,5090.42,5211.24,5477.31,20696.62,4371.27,4744.92,4708.59,4919.22,18744.01,23958.91,24229.06,24846.47,25903.28,98937.71
Banyu Asin,4362.06,4178.70,4186.21,3622.17,16349.14,3953.66,4082.77,4199.00,4358.33,16593.76,2584.37,2806.95,2544.17,2885.20,10820.70,10900.09,11068.42,10929.38,10865.71,43763.60
Ogan Komering Ulu Selatan,980.30,995.60,1163.04,906.73,4045.67,772.41,810.19,813.58,857.38,3253.57,1311.28,1338.74,1397.20,1454.94,5502.17,3063.99,3144.54,3373.82,3219.06,12801.41
Ogan Komering Ulu Timur,1829.89,2061.30,2239.30,1702.23,7832.72,1491.49,1563.94,1574.73,1546.96,6177.12,1993.71,2173.37,2198.33,2166.26,8531.67,5315.10,5798.61,6012.36,5415.45,22541.51
Ogan Ilir,964.66,997.83,1171.30,1124.04,4257.83,1071.56,1144.05,1189.55,1173.61,4578.78,1755.41,1873.22,1898.27,1960.77,7487.67,3791.63,4015.10,4259.11,4258.43,16324.27
Empat Lawang,657.84,741.32,733.62,679.34,2812.12,388.78,402.92,420.60,430.59,1642.89,689.93,719.48,741.19,775.54,2926.14,1736.54,1863.73,1895.40,1885.48,7381.15
Penukal Abab Lematang Ilir,1395.69,1343.65,1455.69,1442.26,5637.29,424.26,460.75,466.35,466.70,1818.06,678.85,714.82,732.02,758.85,2884.54,2498.81,2519.22,2654.06,2667.81,10339.89
Musi Rawas Utara,1610.42,1751.36,1862.77,1802.09,7026.63,282.07,279.22,278.58,297.21,1137.08,457.90,474.77,479.60,496.62,1908.89,2350.39,2505.35,2620.94,2595.92,10072.60
Kota Palembang,196.78,208.42,257.21,201.29,863.70,25821.54,26638.24,26884.28,27016.58,106360.64,28310.14,29421.26,30322.63,31187.74,119241.78,54328.46,56267.92,57464.13,58405.61,226466.13
Kota Prabumulih,381.62,393.89,404.98,387.85,1568.34,771.81,785.78,801.86,823.88,3183.32,1586.09,1647.35,1648.57,1703.08,6585.09,2739.52,2827.02,2855.41,2914.80,11336.75
Kota Pagar Alam,254.87,284.18,277.03,280.60,1096.68,170.78,177.88,179.82,181.79,710.28,555.25,585.29,597.93,625.50,2363.98,980.91,1047.34,1054.78,1087.90,4170.93
Kota Lubuklinggau,138.73,145.07,140.24,146.23,570.27,644.57,654.68,657.99,686.34,2643.58,1470.59,1537.19,1557.00,1608.16,6172.95,2253.89,2336.94,2355.24,2440.74,9386.80
Bengkulu Selatan,747.32,795.34,783.42,827.19,3153.27,161.60,178.92,190.24,192.59,723.35,1080.16,1187.57,1173.50,1189.74,4630.96,1989.08,2161.83,2147.16,2209.51,8507.58
Rejang Lebong,1147.64,1230.59,1182.16,1207.53,4767.93,260.75,291.85,297.82,305.63,1156.05,1899.27,2078.73,2031.06,2093.47,8102.54,3307.67,3601.17,3511.04,3606.64,14026.51
Bengkulu Utara,1883.47,1705.22,1796.45,1890.89,7276.03,354.86,399.19,403.27,428.21,1585.53,1127.06,1226.48,1213.03,1248.33,4814.90,3365.39,3330.89,3412.75,3567.42,13676.46
Kaur,700.44,765.03,745.34,782.68,2993.50,127.67,139.92,146.28,148.25,562.13,434.20,473.58,456.12,470.75,1834.65,1262.31,1378.53,1347.75,1401.69,5390.27
Seluma,857.60,904.27,860.22,889.13,3511.22,222.05,249.11,250.47,261.66,983.30,552.57,603.10,591.63,609.57,2356.86,1632.22,1756.48,1702.32,1760.36,6851.38
Mukomuko,990.92,1089.24,1071.86,1111.65,4263.67,277.99,315.32,316.11,321.02,1230.45,658.27,732.79,694.39,726.86,2812.31,1927.18,2137.35,2082.37,2159.53,8306.43
Lebong,579.91,604.41,591.52,619.61,2395.45,160.26,178.34,185.73,189.64,713.97,428.42,472.59,453.35,467.38,1821.74,1168.59,1255.34,1230.60,1276.63,4931.15
Kepahiang,766.02,815.63,805.28,863.15,3250.08,195.13,214.96,221.81,228.72,860.63,652.15,709.31,681.26,704.93,2747.65,1613.30,1739.91,1708.35,1796.81,6858.36
Bengkulu Tengah,903.46,775.33,853.98,946.41,3479.18,293.15,326.33,323.76,344.11,1287.35,579.30,623.41,592.98,612.93,2408.62,1775.91,1725.07,1770.72,1903.44,7175.14
Kota Bengkulu,658.60,728.09,712.91,719.45,2819.04,630.42,697.12,720.58,725.92,2774.03,7082.18,7785.05,7227.03,8036.96,30131.21,8371.19,9210.25,8660.52,9482.32,35724.28
Lampung Barat,1114.03,1264.21,1360.28,1246.47,4984.99,251.22,275.55,292.23,306.56,1125.55,1133.53,1160.53,1166.09,1202.32,4662.48,2498.78,2700.29,2818.60,2755.35,10773.02
Tanggamus,2226.30,2612.64,2597.64,2519.07,9955.64,784.51,848.16,869.46,882.30,3384.42,2274.61,2386.72,2362.94,2360.40,9384.66,5285.42,5847.51,5830.04,5761.77,22724.73
Lampung Selatan,3798.83,5106.25,5011.37,4148.08,18064.53,5768.16,5904.53,6156.79,6395.26,24224.74,5632.61,5865.11,5860.24,6011.42,23369.38,15199.61,16875.90,17028.39,16554.76,65658.66
Lampung Timur,7287.36,8677.67,8431.40,7511.42,31907.85,2193.20,2406.57,2484.52,2561.02,9645.31,4647.64,4896.20,4868.31,4971.14,19383.29,14128.20,15980.45,15784.23,15043.58,60936.45
Lampung Tengah,8168.21,10598.94,10735.76,8735.90,38238.80,8353.48,8728.16,9295.01,9503.93,35880.58,7708.27,7876.36,7793.46,7956.00,31334.09,24229.96,27203.45,27824.24,26195.83,105453.48
Lampung Utara,2686.36,3331.30,3284.43,2904.81,12206.90,1768.83,1884.73,1972.45,2058.52,7684.53,3518.56,3632.48,3620.34,3796.96,14568.35,7973.75,8848.51,8877.23,8760.29,34459.78
Way Kanan,1797.07,2156.47,2280.85,1942.18,8176.58,1450.86,1518.85,1543.58,1621.32,6134.61,1622.08,1684.45,1679.62,1707.19,6693.35,4870.02,5359.77,5504.06,5270.69,21004.54
Tulangbawang,2486.33,3176.46,3127.74,2951.50,11742.03,2687.41,2819.19,2999.05,2872.92,11378.57,2458.85,2543.16,2546.47,2570.13,10118.60,7632.59,8538.81,8673.26,8394.55,33239.21
Pesawaran,1959.30,2416.04,2437.14,2142.37,8954.85,1373.13,1420.64,1462.53,1491.69,5747.99,2127.76,2202.95,2195.05,2217.95,8743.71,5460.19,6039.62,6094.71,5852.01,23446.54
Pringsewu,827.70,1024.80,1027.65,946.95,3827.10,1002.91,1054.79,1102.94,1139.14,4299.79,2006.79,2080.41,2074.09,2126.40,8287.69,3837.41,4160.00,4204.68,4212.49,16414.57
Mesuji,1294.13,1576.03,1543.73,1412.13,5826.01,1210.98,1282.62,1351.31,1384.35,5229.26,1057.86,1103.14,1099.30,1121.36,4381.67,3562.97,3961.79,3994.34,3917.85,15436.94
Tulang Bawang Barat,1112.30,1601.12,1595.90,1168.58,5477.90,1453.90,1522.18,1604.81,1696.23,6277.12,1235.09,1275.06,1268.14,1328.99,5107.29,3801.29,4398.36,4468.85,4193.81,16862.32
Pesisir Barat,746.43,860.10,867.91,801.42,3275.86,174.80,185.15,188.81,199.76,748.52,641.78,664.95,666.91,681.71,2655.36,1563.01,1710.20,1723.63,1682.90,6679.74
Kota Bandar Lampung,1209.67,1311.93,1315.11,1308.33,5145.04,6138.49,6576.73,6842.70,7004.22,26562.15,13255.69,13716.96,13534.76,13764.97,54272.38,20603.85,21605.62,21692.57,22077.53,85979.57
Kota Metro,93.38,130.20,131.64,106.63,461.85,495.95,521.44,555.96,563.53,2136.87,1590.55,1649.46,1661.42,1685.05,6586.48,2179.88,2301.10,2349.01,2355.21,9185.20
Bangka,1520.16,1611.04,1626.25,1767.47,6524.91,1723.22,1820.45,1878.36,1983.97,7406.00,1850.67,2028.90,1986.30,2099.66,7965.53,5094.05,5460.39,5490.90,5851.10,21896.44
Belitung,1199.97,1268.37,1239.09,1387.71,5095.13,888.10,890.34,912.94,918.18,3609.56,1539.29,1669.53,1632.15,1697.35,6538.32,3627.35,3828.24,3784.18,4003.23,15243.01
Bangka Barat,1055.92,1152.17,1155.68,1192.35,4556.13,2384.62,2632.94,2747.41,3448.07,11213.04,1330.97,1390.24,1402.63,1513.32,5637.15,4771.50,5175.35,5305.72,6153.74,21406.32
Bangka Tengah,837.77,887.56,950.73,1039.46,3715.51,674.89,644.12,614.97,540.77,2474.75,1576.72,1713.06,1665.54,1790.23,6745.54,3089.37,3244.75,3231.23,3370.46,12935.80
Bangka Selatan,1821.96,1913.52,1890.89,2046.00,7672.38,387.58,393.69,410.73,442.52,1634.51,895.45,965.62,947.97,972.04,3781.08,3104.99,3272.83,3249.59,3460.56,13087.97
Belitung Timur,1102.33,1182.00,1198.78,1308.92,4792.03,818.81,843.63,837.64,877.08,3377.17,902.96,982.34,949.91,973.67,3808.87,2824.10,3007.98,2986.33,3159.67,11978.07
Kota Pangkal Pinang,242.50,253.03,239.74,273.08,1008.34,1317.80,1363.62,1251.87,1054.55,4987.83,3366.29,3655.74,3562.70,3780.36,14365.08,4926.58,5272.39,5054.30,5107.98,20361.26
Karimun,1058.46,1130.35,1231.82,1333.84,4754.47,1580.37,1638.98,1739.86,1830.29,6789.49,2034.60,2095.64,2097.15,2174.61,8402.00,4673.43,4864.97,5068.83,5338.73,19945.96
Bintan,543.22,593.82,605.81,659.61,2402.46,5432.61,5388.26,5579.58,5880.48,22280.94,1886.14,2081.68,2128.37,2233.69,8329.88,7861.97,8063.76,8313.77,8773.78,33013.28
Natuna,4403.66,4790.28,5441.88,5268.88,19904.70,526.07,529.71,526.97,527.20,2109.95,587.22,613.96,599.97,600.76,2401.92,5516.95,5933.95,6568.82,6396.85,24416.56
Lingga,381.57,421.06,430.07,447.13,1679.84,280.08,284.15,289.13,312.72,1166.08,746.29,780.00,783.76,797.29,3107.35,1407.94,1485.21,1502.97,1557.15,5953.28
Kepulauan Anambas,3752.73,4184.23,4778.85,4654.94,17370.76,288.84,302.04,306.37,321.11,1218.36,365.81,406.17,378.25,384.15,1534.38,4407.39,4892.44,5463.47,5360.20,20123.50
Kota Batam,460.81,527.91,576.17,526.23,2091.12,48644.08,49407.82,49380.49,52985.92,200418.31,12373.09,12584.10,12819.56,13353.64,51130.38,61477.98,62519.84,62776.22,66865.78,253639.82
Kota Tanjung Pinang,42.65,44.65,45.10,45.87,178.27,1907.02,1931.67,1840.36,2044.37,7723.41,4434.57,4674.04,4554.19,5074.33,18737.13,6384.24,6650.36,6439.65,7164.57,26638.82
Kep. Seribu,1510.50,1340.47,1284.22,1343.55,5478.73,130.31,129.49,134.09,138.24,532.13,345.60,360.94,363.24,370.76,1440.54,1986.41,1830.90,1781.55,1852.55,7451.41
Kota Jakarta Selatan,116.33,117.08,117.16,118.48,469.05,26110.67,26689.84,27706.67,29286.58,109793.76,195511.09,199702.45,197578.83,204754.08,797546.45,221738.09,226509.37,225402.67,234159.13,907809.26
Kota Jakarta Timur,121.56,122.03,122.88,124.26,490.74,59594.96,59733.73,61977.84,64849.07,246155.60,103947.19,106597.08,107025.84,109940.15,427510.26,163663.71,166452.85,169126.57,174913.48,674156.60
Kota Jakarta Pusat,14.60,14.43,14.57,15.71,59.30,20787.14,21258.30,22050.27,23045.95,87141.66,220360.70,225823.54,222407.02,229829.01,898420.27,241162.44,247096.27,244471.86,252890.66,985621.24
Kota Jakarta Barat,112.74,113.24,113.87,115.97,455.81,29285.18,29579.22,30425.92,32082.36,121372.67,133725.75,136652.15,136598.40,141330.15,548306.46,163123.66,166344.61,167138.19,173528.48,670134.94
Kota Jakarta Utara,228.24,224.06,230.89,276.98,960.18,75422.03,75238.52,77546.00,80339.74,308546.30,97999.39,100800.16,101455.27,104211.16,404465.97,173649.67,176262.75,179232.15,184827.88,713972.45
Bogor,6498.30,6409.49,6410.24,6465.90,25783.93,49592.40,50347.35,51032.16,53066.77,204038.68,25598.87,26403.99,26459.62,28078.49,106540.98,81689.58,83160.82,83902.02,87611.16,336363.58
Sukabumi,7012.76,6477.03,6852.15,6534.64,26876.57,6435.47,6678.73,6930.58,7021.19,27065.98,9976.86,10327.18,10339.70,10794.36,41438.11,23425.09,23482.95,24122.43,24350.19,95380.66
Cianjur,5687.83,6244.36,6161.58,4053.70,22147.47,2391.71,2690.45,2784.59,2804.83,10671.58,8863.96,9145.28,8970.20,9519.47,36498.91,16943.50,18080.10,17916.38,16377.99,69317.96
Bandung,4083.33,4257.09,3800.41,4201.27,16342.10,24610.23,25759.74,26288.32,26221.81,102880.10,14737.11,15129.70,15328.96,15502.85,60698.62,43430.66,45146.53,45417.69,45925.93,179920.82
Garut,8752.91,8054.37,7841.08,7550.25,32198.61,3138.48,3210.58,3307.74,3530.25,13187.05,9822.96,10123.41,10163.46,10503.73,40613.55,21714.34,21388.36,21312.28,21584.22,85999.21
Tasikmalaya,5667.50,5157.89,5131.76,5259.20,21216.35,2012.84,2051.49,2157.78,2280.68,8502.79,5968.70,6149.07,6162.36,6304.72,24584.85,13649.04,13358.45,13451.90,13844.60,54303.99
Ciamis,2449.94,2553.87,2599.73,2599.47,10203.00,1686.38,1815.06,1824.76,1902.36,7228.56,7111.78,7320.06,7299.61,7429.83,29161.28,11248.10,11688.99,11724.10,11931.65,46592.84
Kuningan,2819.47,3040.18,2833.77,2401.55,11094.98,963.58,978.01,1024.08,1027.77,3993.44,6328.59,6635.78,6913.32,6989.14,26866.84,10111.65,10653.98,10771.18,10418.46,41955.26
Cirebon,2688.43,3647.34,3109.51,3243.22,12688.49,5403.63,5524.81,5827.88,5945.71,22702.03,9276.93,9577.35,9606.97,10104.85,38566.10,17368.99,18749.50,18544.36,19293.77,73956.62
Majalengka,2681.54,2773.32,2813.89,1317.99,9586.75,4453.79,4682.10,4852.83,5420.40,19409.11,5033.56,5552.36,5315.23,5669.14,21570.30,12168.89,13007.78,12981.96,12407.53,50566.15
Sumedang,2792.95,2844.99,2583.42,2155.00,10376.35,3372.59,3543.76,3836.73,4056.58,14809.66,6227.02,6507.07,6381.31,6690.52,25805.92,12392.56,12895.82,12801.46,12902.10,50991.94
Indramayu,5835.71,7585.59,7022.26,7280.82,27724.38,13395.80,13710.33,13858.81,14271.70,55236.64,7706.31,7982.78,7964.63,8047.90,31701.63,26937.82,29278.70,28845.70,29600.43,114662.65
Subang,4681.70,5152.14,4994.61,5235.45,20063.91,3065.07,3131.40,3220.29,3464.20,12880.95,6139.55,6297.61,6369.98,6818.12,25625.27,13886.33,14581.15,14584.88,15517.77,58570.13
Purwakarta,1795.31,1897.69,1838.25,1587.94,7119.20,14863.69,15062.06,15261.31,15822.45,61009.51,6415.55,6627.32,6640.21,7023.30,26706.38,23074.55,23587.08,23739.77,24433.69,94835.09
Karawang,3274.27,4252.84,3834.49,4265.85,15627.45,59511.11,61676.10,64497.02,65523.67,251207.90,16862.11,17618.18,17841.10,18090.01,70411.41,79647.49,83547.12,86172.62,87879.53,337246.76
Bekasi,1618.87,1896.33,1889.34,2066.37,7470.91,90648.87,92762.99,95167.09,97627.60,376206.55,16643.47,16936.51,16628.05,17626.04,67834.07,108911.21,111595.83,113684.48,117320.01,451511.53
Bandung Barat,2234.55,2295.93,2296.99,2348.67,9176.14,7678.89,7938.93,7962.47,8224.35,31804.64,6003.98,6193.71,6253.01,6482.14,24932.84,15917.42,16428.58,16512.47,17055.15,65913.62
Pangandaran,1126.72,1163.07,1271.81,1040.34,4601.94,493.70,503.56,538.31,566.65,2102.22,2393.46,2531.78,2545.56,2583.28,10054.08,4013.88,4198.41,4355.68,4190.27,16758.24
Kota Bogor,115.73,152.08,121.52,130.51,519.84,5171.42,5194.93,5256.96,5405.22,21028.54,10653.50,10927.98,11065.12,11591.08,44237.67,15940.66,16274.98,16443.61,17126.81,65786.05
Kota Sukabumi,158.57,162.80,149.62,180.25,651.23,508.09,521.91,531.22,535.40,2096.62,3798.66,3884.32,3919.27,3312.45,14914.70,4465.32,4569.03,4600.11,4028.10,17662.55
Kota Bandung,86.66,105.84,82.27,88.96,363.73,25045.85,25668.20,25779.69,26151.66,102645.39,72119.62,74929.05,75315.42,78597.50,300961.60,97252.13,100703.09,101177.38,104838.12,403970.71
Kota Cirebon,21.31,21.19,20.27,18.00,80.77,1697.15,1664.21,1715.43,1809.36,6886.15,6249.25,6614.66,6601.94,6646.67,26112.52,7967.71,8300.05,8337.64,8474.04,33079.44
Kota Bekasi,179.11,193.37,187.87,184.85,745.20,14989.74,15421.06,15712.03,15868.85,61991.68,18459.73,19296.64,18885.92,19691.43,76333.73,33628.58,34911.07,34785.81,35745.14,139070.61
Kota Depok,358.19,376.86,362.95,373.56,1471.56,12042.52,12533.51,12687.16,12803.40,50066.59,11964.10,12403.93,12417.96,12889.49,49675.49,24364.81,25314.30,25468.08,26066.45,101213.64
Kota Cimahi,25.39,26.15,24.86,22.14,98.54,6413.33,6645.16,6687.91,6724.77,26471.16,4910.94,5074.12,5024.03,5105.42,20114.52,11349.66,11745.42,11736.81,11852.33,46684.22
Kota Tasikmalaya,396.27,437.08,409.56,432.32,1675.24,2154.75,2225.62,2245.74,2310.74,8936.86,5129.43,5388.03,5239.99,5622.13,21379.58,7680.45,8050.74,7895.29,8365.19,31991.67
Kota Banjar,186.05,219.81,206.05,187.74,799.66,290.08,277.93,301.95,339.53,1209.49,935.36,952.30,974.20,1074.70,3936.55,1411.49,1450.04,1482.20,1601.97,5945.71
Cilacap,5071.20,5425.87,5077.69,4171.52,19746.28,20606.93,22232.81,22904.83,22505.92,88250.49,8432.19,8734.00,8700.71,8842.84,34709.74,34110.31,36392.69,36683.23,35520.28,142706.51
Banyumas,3277.70,3302.17,3315.45,2915.36,12810.69,7618.48,7822.48,8016.89,8243.80,31701.65,8584.80,8819.92,8833.22,9053.29,35291.23,19480.98,19944.57,20165.57,20212.44,79803.56
Purbalingga,2682.07,2774.02,2526.77,2613.75,10596.61,3063.09,3112.23,3202.85,3256.39,12634.55,3096.14,3198.00,3233.12,3312.45,12839.72,8841.30,9084.25,8962.74,9182.59,36070.88
Banjarnegara,2520.24,2639.03,2564.79,2487.92,10211.98,1866.25,1904.52,2012.59,2113.70,7897.07,3216.27,3279.81,3307.02,3439.35,13242.46,7602.77,7823.37,7884.40,8040.97,31351.51
Kebumen,2730.25,2331.45,2503.70,2238.42,9803.82,3079.88,3153.64,3264.48,3374.22,12872.22,4555.98,4688.90,4751.50,4848.14,18844.53,10366.12,10173.99,10519.68,10460.77,41520.57
Purworejo,1553.99,1402.61,1336.45,1253.42,5546.48,1884.83,1943.54,2028.81,2103.98,7961.16,3096.89,3257.43,3272.50,3349.10,12975.92,6535.72,6603.59,6637.76,6706.50,26483.56
Wonosobo,1880.65,2111.55,2085.46,1928.08,8005.75,1615.29,1661.33,1714.07,1725.32,6716.00,2882.71,2995.59,3024.30,3119.21,12021.81,6378.65,6768.48,6823.83,6772.61,26743.57
Magelang,2629.01,2657.73,2671.33,2587.69,10545.76,3883.51,3995.24,4123.51,4291.26,16293.51,4860.35,5044.35,5021.77,5215.75,20142.23,11372.86,11697.31,11816.61,12094.71,46981.50
Boyolali,2873.12,2892.40,2759.27,2932.17,11456.95,4605.10,4676.93,4832.64,4901.43,19016.11,4524.47,4645.13,4501.81,4697.00,18368.41,12002.69,12214.46,12093.72,12530.60,48841.47
Klaten,1739.34,1820.39,1784.66,1813.60,7158.00,6658.24,6557.85,6735.53,7001.00,26952.62,5843.17,6081.47,6126.19,6273.52,24324.34,14240.76,14459.71,14646.38,15088.12,58434.97
Sukoharjo,1128.33,1174.40,1119.93,1021.69,4444.35,5777.50,5953.67,6073.85,6280.78,24085.80,6059.90,6222.98,6233.40,6442.87,24959.14,12965.72,13351.05,13427.18,13745.34,53489.29
Wonogiri,3754.09,2993.18,3139.82,2946.51,12833.60,2746.02,2792.24,2875.21,2911.90,11325.37,4470.21,4676.13,4706.95,4804.32,18657.61,10970.32,10461.55,10721.99,10662.72,42816.58
Karanganyar,1635.69,1767.77,1796.88,1734.15,6934.50,7202.25,7383.57,7424.90,7729.53,29740.25,4514.16,4625.87,4539.05,4735.17,18414.25,13352.10,13777.21,13760.84,14198.85,55089.00
Sragen,2036.00,2005.51,1943.02,2259.04,8243.57,6466.32,6565.80,6678.10,6784.85,26495.07,5167.01,5359.45,5392.69,5521.43,21440.58,13669.33,13930.75,14013.81,14565.32,56179.21
Grobogan,3269.32,2483.74,2796.26,2169.94,10719.26,2016.66,2087.70,2135.01,2210.80,8450.18,5063.16,5236.87,5288.56,5385.89,20974.48,10349.14,9808.31,10219.83,9766.63,40143.91
Blora,3889.80,3550.08,3628.08,3534.03,14601.99,1374.81,1418.32,1508.07,1534.75,5835.95,3559.81,3677.73,3737.97,3825.55,14801.06,8824.42,8646.14,8874.12,8894.33,35239.01
Rembang,2036.15,1810.49,1734.15,1767.78,7348.56,2186.68,2182.44,2298.23,2385.14,9052.48,2722.21,2778.98,2845.87,2961.65,11308.71,6945.03,6771.91,6878.25,7114.57,27709.76
Pati,3887.83,3936.64,3998.09,3544.91,15367.47,5851.01,5929.05,6064.89,6097.23,23942.18,5886.49,6115.93,6110.59,6204.47,24317.49,15625.32,15981.62,16173.57,15846.62,63627.13
Kudus,1006.38,818.90,900.16,864.88,3590.31,26187.92,26279.65,26776.43,27340.28,106584.28,5271.61,5523.85,5560.72,5786.14,22142.32,32465.90,32622.40,33237.31,33991.31,132316.91
Jepara,1421.71,1576.79,1605.60,1113.35,5717.45,4503.45,4534.06,4624.34,4660.90,18322.75,4673.56,4833.70,4843.09,5058.27,19408.62,10598.72,10944.55,11073.03,10832.52,43448.83
Demak,2393.67,1713.82,1774.11,1590.91,7472.51,3821.02,4231.26,4288.19,4350.99,16691.46,3497.60,3632.98,3669.81,3814.15,14614.54,9712.28,9578.06,9732.12,9756.05,38778.51
Semarang,1800.50,1903.20,1829.45,1839.01,7372.16,8950.66,9194.48,9379.20,9951.83,37476.18,6174.27,6342.38,6377.20,6649.44,25543.29,16925.43,17440.06,17585.84,18440.29,70391.63
Temanggung,1856.64,2144.25,1824.09,1591.04,7416.02,2369.24,2396.71,2495.25,2571.41,9832.61,3387.60,3456.60,3508.19,3603.36,13955.75,7613.47,7997.55,7827.53,7765.82,31204.37
Kendal,3101.57,3040.98,2934.39,2787.27,11864.22,7411.03,7824.38,8356.32,8604.63,32196.36,4887.84,5130.80,5218.94,5292.64,20530.22,15400.44,15996.16,16509.65,16684.55,64590.80
Batang,1583.76,1671.99,1809.39,1837.79,6902.94,3437.42,3584.53,3752.61,3794.68,14569.24,2811.19,2956.44,3013.71,3117.10,11898.44,7832.37,8212.97,8575.71,8749.57,33370.61
Pekalongan,1644.02,1707.11,1660.22,1453.89,6465.25,2976.12,3011.96,3108.75,3198.58,12295.42,3389.52,3447.39,3478.53,3608.10,13923.54,8009.66,8166.46,8247.51,8260.58,32684.21
Pemalang,2565.43,2910.84,2927.48,2514.59,10918.34,2390.03,2480.89,2603.70,2672.21,10146.83,3873.42,4081.46,4180.02,4296.46,16431.36,8828.89,9473.19,9711.20,9483.26,37496.54
Tegal,1916.35,1942.06,1953.19,1810.33,7621.93,5583.36,5637.17,5741.99,6022.14,22984.66,5006.21,5160.88,5241.65,5401.14,20809.88,12505.92,12740.10,12936.84,13233.62,51416.47
Brebes,5957.91,6064.04,5764.42,5062.38,22848.75,3933.13,3924.56,4142.26,4210.31,16210.25,6554.48,6742.43,6889.42,7064.20,27250.53,16445.52,16731.02,16796.10,16336.89,66309.53
Kota Magelang,49.64,52.34,48.05,48.39,198.43,980.27,1013.27,1056.70,1100.85,4151.09,2026.48,2096.04,2082.65,2151.53,8356.70,3056.39,3161.65,3187.41,3300.77,12706.22
Kota Surakarta,82.75,82.86,66.10,81.97,313.68,5068.85,5413.35,5682.21,6032.54,22196.95,11221.22,11484.66,11484.57,12088.08,46278.53,16372.83,16980.87,17232.88,18202.59,68789.17
Kota Salatiga,206.31,226.53,196.93,211.16,840.93,2245.64,2245.65,2276.19,2300.80,9068.28,2295.78,2360.80,2361.21,2457.47,9475.26,4747.73,4832.99,4834.32,4969.43,19384.47
Kota Semarang,646.03,676.93,615.62,624.89,2563.47,37785.45,38602.40,40628.31,42462.32,159478.48,30485.01,31393.28,31550.53,32579.60,126008.43,68916.49,70672.61,72794.47,75666.81,288050.38
Kota Pekalongan,163.09,179.56,161.08,197.37,701.11,1346.24,1400.57,1425.12,1474.87,5646.80,2320.92,2399.31,2382.64,2450.79,9553.65,3830.25,3979.45,3968.84,4123.03,15901.56
Kota Tegal,246.86,246.28,255.64,301.56,1050.33,1833.77,1918.05,1980.44,2020.23,7752.49,3284.39,3334.40,3361.23,3464.86,13444.87,5365.01,5498.72,5597.30,5786.65,22247.69
Kulon Progo,825.87,725.44,745.87,734.84,3032.02,1049.92,1094.57,1141.71,1211.14,4497.34,2490.60,2605.29,2573.33,2730.93,10400.15,4366.39,4425.30,4460.91,4676.91,17929.51
Bantul,1535.84,1366.41,1369.85,1279.36,5551.45,2006.80,2063.07,2133.51,2462.44,8665.82,5989.44,6233.42,6157.21,6573.36,24953.44,9532.08,9662.90,9660.57,10315.17,39170.71
Gunung Kidul,2293.79,1857.30,1934.04,1530.22,7615.35,1131.19,1190.56,1235.68,1295.90,4853.33,3951.23,4112.39,4024.99,4312.69,16401.30,7376.21,7160.26,7194.71,7138.80,28869.98
Sleman,1479.24,1364.24,1380.18,1328.83,5552.49,4185.67,4413.02,4662.65,4395.58,17656.92,11064.33,11428.35,11255.49,12156.85,45905.01,16729.24,17205.60,17298.33,17881.26,69114.42
Kota Yogyakarta,17.98,18.73,19.07,21.52,77.30,2257.50,2366.26,2384.04,2636.48,9644.28,10410.47,10756.04,10674.68,11285.76,43126.96,12685.95,13141.03,13077.80,13943.76,52848.54
Pacitan,1881.59,1830.50,2189.04,1390.41,7291.54,1168.58,1223.22,1271.30,1332.21,4995.31,2480.41,2549.33,2559.22,2634.20,10223.16,5530.58,5603.06,6019.56,5356.82,22510.01
Ponorogo,1710.95,2092.85,2339.31,1497.52,7640.63,1363.32,1439.67,1456.34,1488.34,5747.67,3812.69,3884.06,3903.68,4001.20,15601.62,6886.95,7416.58,7699.33,6987.07,28989.92
Trenggalek,1775.45,1980.95,2182.71,1998.75,7937.87,1707.35,1755.20,1798.51,1836.84,7097.91,2739.22,2803.16,2789.92,2880.92,11213.23,6222.02,6539.32,6771.15,6716.51,26249.00
Tulungagung,2430.92,3116.94,3439.41,2667.79,11655.06,4462.52,4576.39,4794.29,4940.81,18774.01,6089.61,6202.07,6247.35,6435.14,24974.17,12983.05,13895.40,14481.06,14043.74,55403.25
Blitar,3985.34,4914.27,4621.74,3938.08,17459.43,2948.75,3055.16,3198.34,3299.11,12501.36,5184.42,5304.40,5304.61,5438.76,21232.18,12118.51,13273.83,13124.69,12675.95,51192.98
Kediri,2918.08,3347.35,4127.96,3145.98,13539.38,4380.48,4607.73,4750.47,5052.00,18790.68,6422.43,6535.21,6560.76,6872.73,26391.13,13720.99,14490.30,15439.19,15070.70,58721.19
Malang,5327.83,5732.24,6240.27,5702.86,23003.20,16643.30,17317.81,17635.69,17941.23,69538.02,14016.17,14330.06,14253.70,15086.85,57686.78,35987.30,37380.11,38129.66,38730.94,150228.00
Lumajang,3694.06,4519.17,4597.43,4000.27,16810.93,3496.92,3560.14,3665.72,3802.94,14525.73,3689.65,3769.97,3810.16,3886.00,15155.78,10880.62,11849.29,12073.32,11689.21,46492.44
Jember,6494.70,8809.71,10106.66,6863.91,32274.98,7781.42,8033.58,8302.80,8562.81,32680.62,11153.87,11385.33,11524.83,11962.29,46026.32,25429.99,28228.62,29934.29,27389.00,110981.91
Banyuwangi,8460.35,10531.34,10790.63,9685.74,39468.06,7630.17,8051.94,8221.76,8495.39,32399.26,11317.38,11566.05,11468.57,12148.12,46500.12,27407.90,30149.33,30480.96,30329.25,118367.44
Bondowoso,1749.68,2544.33,2348.28,1968.73,8611.02,2368.65,2472.26,2482.62,2468.23,9791.77,2465.56,2543.94,2526.65,2625.59,10161.74,6583.90,7560.53,7357.55,7062.55,28564.52
Situbondo,2051.21,2514.18,2641.56,1811.66,9018.61,1938.45,2036.29,2077.39,2119.33,8171.46,2878.76,2959.77,2938.40,3007.87,11784.81,6868.43,7510.25,7657.35,6938.86,28974.88
Probolinggo,3379.60,4845.73,4479.08,3768.17,16472.58,4219.34,4379.45,4459.09,4631.83,17689.71,3733.08,3803.61,3752.99,3960.16,15249.83,11332.01,13028.78,12691.16,12360.17,49412.13
Pasuruan,2726.91,3626.92,3995.09,3008.66,13357.58,38492.96,38993.48,40358.00,41765.77,159610.22,11223.06,11416.83,11201.62,11973.24,45814.75,52442.92,54037.23,55554.71,56747.68,218782.55
Sidoarjo,1242.65,1547.94,1557.86,1259.56,5607.99,43988.43,45069.06,46557.45,47151.45,182766.39,31970.37,33019.75,32560.44,33320.77,130871.33,77201.45,79636.75,80675.74,81731.78,319245.71
Mojokerto,1881.80,2752.34,3248.12,1943.16,9825.42,19563.50,20023.42,20518.04,20579.53,80684.49,7812.82,7989.81,7988.37,8308.19,32099.19,29258.11,30765.57,31754.54,30830.87,122609.10
Jombang,2335.35,2983.35,3487.28,1864.10,10670.08,4496.06,4675.19,4907.49,4996.35,19075.08,6902.93,7073.11,7163.00,7307.87,28446.92,13734.34,14731.65,15557.77,14168.33,58192.08
Nganjuk,2913.88,2723.51,3270.22,2178.45,11086.06,2535.48,2671.34,2659.77,2737.67,10604.26,4207.85,4410.77,4326.52,4434.80,17379.95,9657.21,9805.63,10256.51,9350.92,39070.26
Madiun,1503.20,1749.30,2271.67,1789.04,7313.21,1795.76,1790.17,1900.59,1966.78,7453.30,3101.70,3178.05,3150.25,3286.23,12716.23,6400.66,6717.51,7322.51,7042.05,27482.74
Magetan,1818.48,1783.21,2087.52,1900.33,7589.54,1264.35,1337.05,1379.69,1401.26,5382.34,3225.04,3362.17,3351.15,3461.44,13399.81,6307.87,6482.43,6818.37,6763.03,26371.69
Ngawi,2295.02,1734.86,2556.48,2350.04,8936.40,1300.29,1341.23,1411.66,1493.03,5546.20,3199.61,3289.52,3313.94,3464.47,13267.53,6794.92,6365.60,7282.08,7307.54,27750.13
Bojonegoro,16587.24,15089.40,14709.34,14127.15,60513.13,3728.19,3854.24,4019.56,4058.79,15660.79,7008.83,7151.65,7204.26,7431.32,28796.06,27324.26,26095.29,25933.16,25617.27,104969.98
Tuban,6486.54,6188.96,6502.54,6402.26,25580.31,9510.87,9009.92,9425.63,9942.00,37888.43,7082.71,7219.09,7248.91,7518.89,29069.60,23080.12,22417.98,23177.08,23863.15,92538.34
Lamongan,4533.97,5215.85,4736.97,3298.36,17785.15,3221.79,3348.26,3437.54,3532.89,13540.49,6060.12,6203.64,6182.95,6333.79,24780.50,13815.88,14767.75,14357.47,13165.04,56106.14
Gresik,5950.38,6133.14,5698.53,5635.37,23417.41,29645.09,30674.16,31701.08,32469.22,124489.56,13136.59,13420.14,13513.42,14027.36,54097.51,48732.06,50227.44,50913.02,52131.95,202004.47
Bangkalan,2708.00,2958.55,2904.38,2298.18,10869.11,1385.24,1404.51,1507.35,1584.44,5881.55,3402.22,3466.34,3507.46,3577.62,13953.65,7495.46,7829.40,7919.19,7460.25,30704.31
Sampang,2978.02,3051.53,2863.21,2230.19,11122.96,1014.65,1052.77,1114.44,1179.34,4361.21,2592.90,2668.30,2705.98,2783.19,10750.37,6585.58,6772.60,6683.64,6192.72,26234.54
Pamekasan,2256.96,2254.53,2075.77,1771.57,8358.83,1064.87,1105.02,1161.26,1207.51,4538.66,2749.83,2831.70,2860.80,2964.05,11406.37,6071.66,6191.25,6097.83,5943.12,24303.86
Sumenep,6357.01,7204.66,7820.51,5161.63,26543.82,1691.90,1719.07,1725.93,2048.60,7185.50,3664.04,3716.96,3776.27,3912.80,15070.06,11712.95,12640.69,13322.71,11123.04,48799.39
Kota Kediri,78.55,111.75,111.43,92.31,394.04,34759.21,35163.93,35419.32,35654.38,140996.84,8224.84,8331.75,8439.81,8779.07,33775.48,43062.60,43607.43,43970.57,44525.76,175166.36
Kota Blitar,34.53,79.22,62.64,38.40,214.80,415.39,421.33,445.69,461.70,1744.11,1909.64,1972.37,1990.30,2040.33,7912.64,2359.57,2472.92,2498.63,2540.43,9871.55
Kota Malang,52.26,60.81,59.50,65.11,237.68,10292.39,10929.17,11164.98,11287.68,43674.22,15551.92,15938.54,16215.19,16535.27,64240.92,25896.57,26928.53,27439.66,27888.06,108152.82
Kota Probolinggo,164.62,247.62,261.80,219.31,893.35,798.14,830.01,879.86,914.04,3422.06,2938.94,3032.26,3055.23,3165.51,12191.93,3901.70,4109.89,4196.88,4298.87,16507.34
Kota Pasuruan,56.87,64.78,62.84,66.95,251.44,717.00,725.80,756.87,825.64,3025.31,2106.37,2160.63,2208.12,2255.41,8730.53,2880.24,2951.21,3027.83,3148.00,12007.28
Kota Mojokerto,5.26,16.84,7.04,11.76,40.90,423.43,434.20,441.73,452.99,1752.35,1804.42,1842.03,1842.72,1898.67,7387.84,2233.10,2293.08,2291.49,2363.42,9181.09
Kota Madiun,24.31,39.27,44.63,26.47,134.68,1016.82,1023.21,995.15,992.90,4028.07,3849.64,3892.01,3944.67,4115.00,15801.31,4890.77,4954.49,4984.45,5134.36,19964.06
Kota Surabaya,248.51,261.28,249.16,254.52,1013.46,57351.80,59178.20,61998.31,64098.98,242627.28,142485.38,144923.05,147211.21,152282.96,586902.60,200085.69,204362.53,209458.67,216636.46,830543.35
Kota Batu,837.06,873.88,827.19,827.11,3365.24,1078.26,1146.83,1167.26,1200.03,4592.38,3745.14,3996.45,3866.71,4116.13,15724.44,5660.46,6017.16,5861.16,6143.28,23682.06
Pandeglang,4049.67,3594.54,4036.33,3850.76,15531.31,1324.90,1435.58,1365.91,1377.31,5503.69,4358.48,4505.39,4413.69,4441.67,17719.23,9733.05,9535.51,9815.93,9669.74,38754.23
Lebak,3374.77,3090.27,3591.90,3110.43,13167.37,1853.80,1989.18,1951.06,1985.50,7779.54,4734.38,4894.66,4823.92,5176.76,19629.73,9962.96,9974.11,10366.88,10272.70,40576.64
Tangerang,3332.73,3328.78,3467.42,3200.16,13329.10,25359.99,26464.88,26129.76,26637.45,104592.09,19851.81,20301.54,20435.78,21329.06,81918.19,48544.53,50095.21,50032.97,51166.67,199839.37
Serang,2840.16,2601.81,2743.03,2610.60,10795.60,15551.00,15930.78,15810.62,16418.78,63711.18,8403.81,8466.86,8420.20,9068.25,34359.12,26794.97,26999.45,26973.84,28097.63,108865.89
Kota Tangerang,937.19,906.05,940.81,984.83,3768.87,20979.43,21567.75,21429.30,21747.71,85724.20,36727.78,37634.34,38250.31,40057.61,152670.03,58644.40,60108.14,60620.42,62790.15,242163.10
Kota Cilegon,100.47,92.99,108.92,73.23,375.61,25037.31,24984.62,25836.98,26790.68,102649.58,11036.45,11354.69,11372.88,11773.44,45537.45,36174.22,36432.30,37318.77,38637.35,148562.63
Kota Serang,634.35,567.70,611.25,605.66,2418.95,2819.06,2981.57,2793.24,2966.68,11560.55,7764.74,7926.71,8040.63,8249.02,31981.11,11218.15,11475.98,11445.11,11821.36,45960.61
Kota Tangerang Selatan,55.72,54.54,56.39,57.23,223.89,7376.25,7578.90,7325.52,7581.42,29862.08,21642.58,22279.36,22585.98,23264.81,89772.73,29074.55,29912.80,29967.89,30903.45,119858.70
Jembrana,1028.91,1031.68,1073.53,1146.14,4280.27,636.06,667.09,693.02,718.40,2714.57,2632.25,2814.42,2844.70,2950.10,11241.47,4297.22,4513.19,4611.26,4814.64,18236.31
Tabanan,1649.36,1743.67,1732.23,1707.00,6832.25,1081.38,1162.70,1173.26,1229.58,4646.92,4288.93,4679.41,4656.50,4879.84,18504.68,7019.67,7585.78,7561.98,7816.42,29983.84
Badung,1174.09,1233.87,1211.15,1279.13,4898.24,2167.86,2288.66,2391.13,2552.50,9400.15,15412.89,17044.63,17386.64,17520.63,67364.78,18754.84,20567.16,20988.92,21352.26,81663.17
Gianyar,1091.57,1124.94,1148.10,1179.76,4544.38,2013.72,2105.18,2122.68,2326.96,8568.54,5437.09,5709.76,5752.24,6104.85,23003.95,8542.39,8939.89,9023.03,9611.57,36116.87
Klungkung,703.79,722.49,722.01,737.49,2885.77,528.96,564.26,579.63,610.42,2283.27,1600.42,1713.95,1727.53,1792.79,6834.69,2833.17,3000.69,3029.16,3140.70,12003.73
Bangli,640.27,632.32,679.60,670.22,2622.41,344.98,356.86,369.57,394.63,1466.05,1173.32,1301.93,1265.25,1326.04,5066.54,2158.57,2291.11,2314.42,2390.89,9155.00
Karangasem,1514.24,1519.15,1544.22,1599.75,6177.35,557.86,598.59,608.72,631.98,2397.15,3090.44,3343.56,3349.47,3446.44,13229.91,5162.54,5461.29,5502.41,5678.16,21804.41
Buleleng,2292.70,2311.46,2356.76,2429.38,9390.29,1637.28,1737.75,1794.02,1884.28,7053.33,6610.42,7228.78,7321.87,7515.82,28676.89,10540.40,11277.99,11472.65,11829.47,45120.51
Kota Denpasar,937.80,952.02,954.07,993.56,3837.46,2933.89,3102.97,3163.88,3271.01,12471.75,12727.46,13864.77,13909.11,14288.57,54789.91,16599.16,17919.76,18027.06,18553.14,71099.12
Lombok Barat,1385.63,1438.42,1529.36,1265.06,5618.48,760.89,777.17,796.43,845.85,3180.35,2758.43,2960.99,2947.21,3117.73,11784.36,4904.95,5176.59,5273.00,5228.65,20583.19
Lombok Tengah,1777.83,1845.73,1980.36,1695.58,7299.49,1024.01,1058.72,1450.78,1322.63,4856.14,2770.08,3025.31,3058.11,3156.19,12009.69,5571.92,5929.75,6489.25,6174.41,24165.32
Lombok Timur,2234.40,2304.95,2606.06,2391.09,9536.50,986.73,1059.75,1642.73,1413.71,5102.93,3145.24,3414.17,3425.40,3610.33,13595.14,6366.37,6778.88,7674.19,7415.13,28234.56
Sumbawa,2038.21,2244.78,2235.34,1943.59,8461.91,654.64,667.84,734.39,734.55,2791.42,2007.53,2110.60,2135.10,2246.73,8499.96,4700.37,5023.22,5104.83,4924.87,19753.29
Dompu,1069.36,1132.46,1040.34,949.68,4191.84,232.52,234.55,241.49,252.58,961.14,1076.18,1141.04,1137.86,1197.19,4552.26,2378.06,2508.05,2419.68,2399.45,9705.25
Bima,1762.18,2037.93,1903.29,1590.71,7294.11,291.08,296.65,304.11,315.53,1207.38,1668.63,1784.88,1806.65,1851.20,7111.36,3721.90,4119.45,4014.05,3757.45,15612.85
Sumbawa Barat,6030.37,6419.10,6500.53,8551.77,27501.77,576.67,1267.86,1722.91,2905.53,6472.97,789.48,845.26,846.46,893.08,3374.28,7396.52,8532.23,9069.90,12350.38,37349.02
Lombok Utara,562.39,682.49,668.46,558.03,2471.36,167.64,170.37,177.01,192.19,707.21,736.76,799.64,808.10,848.47,3192.97,1466.79,1652.50,1653.56,1598.68,6371.54
Kota Mataram,238.39,245.88,246.82,233.56,964.65,1223.32,1266.19,1210.13,1239.69,4939.33,4803.87,5017.86,5010.36,5333.72,20165.82,6265.59,6529.94,6467.31,6806.97,26069.80
Kota Bima,179.31,196.86,206.92,183.04,766.13,144.07,151.02,155.79,158.92,609.80,986.46,1070.50,1092.49,1115.75,4265.20,1309.84,1418.38,1455.20,1457.71,5641.13
Sumba Barat,226.47,263.24,221.40,241.04,952.15,58.50,62.43,66.78,77.54,265.25,485.90,504.18,519.30,523.68,2033.06,770.87,829.85,807.49,842.25,3250.46
Sumba Timur,543.06,613.20,552.15,594.45,2302.87,203.75,222.59,247.78,277.00,951.12,1234.63,1305.57,1325.62,1398.35,5264.16,1981.44,2141.36,2125.55,2269.80,8518.15
Kupang,1137.57,1264.84,1209.51,1295.40,4907.31,298.67,326.04,349.46,389.16,1363.33,1076.11,1148.90,1173.39,1257.97,4656.37,2512.35,2739.77,2732.37,2942.53,10927.01
Timor Tengah Selatan,1187.42,1374.12,1234.33,1337.94,5133.82,206.51,227.39,262.37,282.76,979.03,1126.56,1195.25,1220.25,1306.35,4848.42,2520.50,2796.76,2716.95,2927.05,10961.27
Timor Tengah Utara,526.49,605.09,553.87,577.44,2262.89,127.99,136.47,154.40,169.11,587.97,625.25,659.42,677.30,715.16,2677.13,1279.72,1400.98,1385.56,1461.71,5527.98
Belu,348.96,401.28,357.14,376.81,1484.19,130.09,142.93,162.95,179.20,615.17,1025.66,1076.95,1092.82,1139.21,4334.65,1504.71,1621.17,1612.91,1695.22,6434.01
Alor,337.67,377.47,345.33,357.74,1418.22,108.95,116.67,125.31,130.85,481.78,561.87,596.63,603.71,627.89,2390.09,1008.49,1090.77,1074.35,1116.48,4290.08
Lembata,216.23,242.52,219.76,235.09,913.59,39.11,42.23,45.42,49.21,175.97,326.24,336.44,341.36,369.24,1373.28,581.58,621.19,606.53,653.55,2462.84
Flores Timur,496.12,547.18,512.76,550.22,2106.29,75.13,81.39,89.21,99.07,344.80,1076.63,1132.66,1128.34,1189.23,4526.86,1647.88,1761.23,1730.31,1838.52,6977.95
Sikka,667.45,735.50,712.47,730.18,2845.60,106.86,117.69,122.23,134.30,481.08,936.43,993.84,997.98,1044.36,3972.60,1710.74,1847.03,1832.68,1908.84,7299.29
Ende,657.93,731.34,699.28,725.72,2814.26,200.84,216.75,231.21,249.22,898.02,1126.24,1211.58,1241.69,1295.63,4875.14,1985.01,2159.67,2172.17,2270.57,8587.42
Ngada,413.91,474.29,425.52,446.15,1759.86,144.65,151.68,161.52,190.66,648.51,552.51,582.58,596.27,636.15,2367.52,1111.07,1208.55,1183.30,1272.97,4775.89
Manggarai,353.28,422.05,345.22,375.39,1495.95,186.64,209.82,230.85,253.02,880.33,898.98,957.05,1046.65,1100.87,4003.55,1438.91,1588.93,1622.72,1729.29,6379.84
Rote Ndao,479.68,549.52,488.93,532.10,2050.23,54.32,59.07,75.50,180.39,369.27,450.13,471.85,479.67,514.32,1915.98,984.13,1080.45,1044.10,1226.81,4335.48
Manggarai Barat,445.65,513.84,452.60,481.88,1893.96,164.93,182.28,202.37,232.03,781.61,526.99,586.84,610.78,602.01,2326.63,1137.57,1282.95,1265.75,1315.92,5002.20
Sumba Tengah,171.14,201.51,181.62,189.03,743.30,13.83,15.36,17.28,19.74,66.21,197.38,211.84,216.34,229.57,855.12,382.35,428.70,415.24,438.33,1664.63
Sumba Barat Daya,490.49,566.29,508.29,517.43,2082.50,57.36,61.95,69.36,78.77,267.44,681.72,722.92,758.01,774.62,2937.27,1229.57,1351.16,1335.65,1370.83,5287.21
Nagekeo,372.38,440.06,388.98,407.87,1609.28,48.37,52.85,59.50,66.14,226.86,284.41,300.52,303.50,327.59,1216.03,705.16,793.43,751.98,801.60,3052.17
Manggarai Timur,516.63,610.75,530.27,559.41,2217.05,57.57,62.35,70.70,76.40,267.03,488.65,520.26,530.82,567.78,2107.50,1062.84,1193.36,1131.79,1203.59,4591.58
Sabu Raijua,153.83,169.08,161.76,173.44,658.11,66.23,72.32,78.90,87.00,304.45,224.77,237.58,232.23,264.85,959.42,444.82,478.98,472.89,525.29,1921.99
Malaka,364.95,419.61,382.71,421.71,1588.98,128.48,140.88,154.17,164.63,588.16,439.28,465.68,467.96,499.75,1872.67,932.71,1026.17,1004.84,1086.10,4049.81
Kota Kupang,201.51,219.43,215.52,228.95,865.42,1150.87,1265.26,1376.19,1513.15,5305.47,6389.08,6820.35,6885.72,7265.76,27360.91,7741.45,8305.04,8477.43,9007.87,33531.79
Sambas,2674.66,2503.43,2647.30,2780.25,10605.65,1502.71,1551.77,1591.46,1732.78,6378.71,3300.02,3608.42,3537.63,3535.82,13981.89,7477.39,7663.61,7776.39,8048.86,30966.25
Bengkayang,1349.91,1183.39,1256.25,1259.93,5049.49,622.14,661.82,676.53,711.31,2671.80,1313.84,1410.84,1409.97,1468.54,5603.19,3285.89,3256.05,3342.75,3439.79,13324.48
Landak,1726.75,1537.96,1645.07,1671.29,6581.07,763.24,809.72,827.42,845.29,3245.67,1549.06,1605.98,1587.29,1709.54,6451.88,4039.05,3953.66,4059.79,4226.11,16278.61
Mempawah,678.89,714.45,726.76,756.21,2876.32,1009.09,1015.38,1160.89,1331.47,4516.82,1550.88,1603.46,1609.74,1679.81,6443.89,3238.86,3333.29,3497.39,3767.49,13837.04
Sanggau,3239.81,3308.23,3489.77,3480.71,13518.51,1463.26,1525.05,1554.79,1547.01,6090.10,2359.34,2465.32,2467.21,2528.93,9820.80,7062.41,7298.60,7511.77,7556.65,29429.42
Ketapang,4775.91,5052.18,5272.90,5824.06,20925.05,2662.00,2761.88,2774.54,2821.17,11019.59,3134.34,3180.62,3157.41,3261.09,12733.46,10572.25,10994.68,11204.86,11906.32,44678.10
Sintang,1898.45,1882.43,1897.52,1931.68,7610.09,1286.42,1355.73,1379.58,1444.88,5466.61,2285.81,2377.25,2370.04,2446.87,9479.96,5470.68,5615.42,5647.13,5823.43,22556.66
Kapuas Hulu,1169.15,1117.13,1164.24,1197.55,4648.07,1190.24,1296.88,1322.18,1373.40,5182.69,1382.26,1436.16,1423.91,1488.49,5730.81,3741.65,3850.16,3910.32,4059.45,15561.58
Sekadau,1159.27,1169.37,1190.14,1195.82,4714.59,390.35,429.03,435.02,451.11,1705.50,921.06,978.74,963.98,997.39,3861.16,2470.67,2577.14,2589.14,2644.31,10281.26
Melawi,494.63,470.93,483.28,490.49,1939.34,355.57,398.33,399.85,405.41,1559.16,1034.48,1083.21,1089.64,1111.21,4318.54,1884.68,1952.48,1972.77,2007.11,7817.04
Kayong Utara,524.21,480.56,470.40,469.12,1944.29,325.27,417.98,422.34,436.26,1601.85,687.86,709.34,708.33,730.52,2836.04,1537.34,1607.88,1601.07,1635.90,6382.19
Kubu Raya,1856.09,1741.72,1796.84,1812.36,7207.01,4791.88,5009.83,5152.92,5255.64,20210.27,4244.52,4352.03,4354.86,4534.29,17485.71,10892.49,11103.58,11304.62,11602.29,44902.98
Kota Pontianak,141.27,143.28,139.12,148.76,572.44,4148.76,4433.65,4604.78,4524.36,17711.55,8800.33,9247.78,9383.65,9711.03,37142.79,13090.37,13824.71,14127.55,14384.15,55426.78
Kota Singkawang,572.82,540.36,550.88,595.87,2259.94,1187.02,1172.45,1167.36,1288.08,4814.91,1934.94,1987.59,2006.13,2174.32,8102.99,3694.78,3700.40,3724.38,4058.27,15177.83
Kotawaringin Barat,2479.71,2427.69,2418.94,2390.86,9717.20,2895.21,2960.41,2992.26,3084.07,11931.94,3089.11,3216.72,3222.26,3459.33,12987.42,8464.03,8604.82,8633.46,8934.25,34636.56
Kotawaringin Timur,2756.07,2628.11,2737.40,2878.47,11000.06,2992.31,3231.98,3317.56,3329.89,12871.74,4284.34,4525.21,4631.05,4792.46,18233.07,10032.72,10385.30,10686.02,11000.82,42104.86
Kapuas,2768.66,2510.43,2518.83,2734.16,10532.08,1349.67,1328.30,1534.14,1743.09,5955.20,2513.08,2680.05,2587.56,2770.85,10551.55,6631.41,6518.79,6640.53,7248.10,27038.83
Barito Selatan,860.69,808.35,806.46,931.76,3407.25,229.22,234.07,270.68,315.99,1049.95,1161.34,1196.73,1230.69,1332.79,4921.55,2251.24,2239.14,2307.83,2580.54,9378.75
Barito Utara,1723.30,1611.90,1533.61,1946.95,6815.76,561.65,581.35,479.04,663.44,2285.49,1287.48,1325.03,1368.18,1504.71,5485.41,3572.43,3518.28,3380.84,4115.10,14586.66
Sukamara,636.53,686.18,658.08,697.79,2678.60,496.30,493.55,492.52,513.23,1995.59,552.83,572.33,624.66,642.10,2391.91,1685.66,1752.06,1775.26,1853.12,7066.10
Lamandau,850.23,904.07,915.02,972.31,3641.63,587.45,619.98,625.14,655.07,2487.66,631.72,666.07,672.56,752.74,2723.09,2069.40,2190.12,2212.73,2380.13,8852.38
Seruyan,1400.38,1427.79,1427.72,1434.82,5690.70,1254.96,1284.21,1316.03,1334.73,5189.93,638.63,696.30,687.57,781.40,2803.90,3293.96,3408.30,3431.32,3550.95,13684.53
Katingan,971.84,963.67,999.46,1041.14,3976.11,816.05,873.52,906.98,1031.63,3628.17,1189.85,1258.33,1291.77,1401.54,5141.50,2977.74,3095.52,3198.21,3474.31,12745.77
Pulang Pisau,762.57,748.30,822.64,818.98,3152.50,436.14,468.44,496.18,583.52,1984.28,736.86,802.75,781.89,799.64,3121.14,1935.57,2019.49,2100.71,2202.15,8257.92
Gunung Mas,1090.78,1118.83,1126.71,1234.71,4571.04,489.37,496.40,590.62,621.75,2198.14,926.66,961.25,959.33,1110.50,3957.74,2506.82,2576.48,2676.66,2966.96,10726.92
Barito Timur,1503.66,1455.39,1417.00,1495.14,5871.19,400.73,420.27,485.94,518.64,1825.57,850.07,886.06,898.69,973.33,3608.16,2754.45,2761.72,2801.64,2987.10,11304.92
Murung Raya,1693.69,1534.20,1454.20,1839.24,6521.33,311.42,345.51,416.46,512.27,1585.66,953.97,1051.98,1050.32,1215.11,4271.38,2959.08,2931.69,2920.97,3566.62,12378.36
Kota Palangka Raya,254.71,264.17,228.38,248.36,995.63,1295.70,1424.93,1568.54,1632.90,5922.07,5078.80,5224.70,5237.60,5814.83,21355.94,6629.21,6913.81,7034.53,7696.10,28273.64
Tanah Laut,2300.45,2592.89,2981.69,2462.75,10337.78,988.78,1018.98,1054.46,1179.10,4241.32,1946.88,2038.01,2049.04,2159.87,8193.79,5236.11,5649.88,6085.18,5801.72,22772.90
Kota Baru,4055.28,4356.21,4485.72,4662.35,17559.55,3238.94,3316.42,3478.06,3716.97,13750.39,2081.88,2200.01,2189.41,2283.14,8754.45,9376.11,9872.63,10153.19,10662.46,40064.39
Banjar,1842.61,1933.52,2773.20,2216.42,8765.75,972.59,1021.76,1052.48,1213.71,4260.55,2969.26,3123.40,3161.42,3319.82,12573.91,5784.46,6078.69,6987.10,6749.96,25600.21
Barito Kuala,543.56,552.59,1590.33,574.96,3261.43,817.33,856.21,905.20,977.96,3556.69,1295.33,1341.43,1351.26,1392.95,5380.98,2656.22,2750.23,3846.79,2945.87,12199.11
Tapin,1808.61,2411.23,2327.07,1978.12,8525.03,365.50,387.58,408.68,430.21,1591.98,1214.07,1292.61,1299.09,1408.17,5213.95,3388.19,4091.42,4034.85,3816.50,15330.95
Hulu Sungai Selatan,891.92,1132.39,1070.14,1058.80,4153.25,372.67,415.19,438.58,468.77,1695.21,1138.55,1210.32,1193.23,1229.93,4772.03,2403.13,2757.90,2701.95,2757.50,10620.48
Hulu Sungai Tengah,603.55,912.98,515.35,378.21,2410.09,510.55,557.71,568.95,574.89,2212.10,1322.39,1411.75,1404.53,1433.57,5572.23,2436.50,2882.44,2488.82,2386.68,10194.43
Hulu Sungai Utara,243.28,255.72,342.84,340.73,1182.57,326.29,340.35,347.88,357.80,1372.32,1096.30,1143.28,1172.67,1192.93,4605.18,1665.87,1739.35,1863.39,1891.46,7160.07
Tabalong,5089.28,5427.21,5318.39,5193.99,21028.86,957.22,997.61,1045.94,1111.24,4112.01,2130.62,2234.07,2292.36,2399.88,9056.92,8177.11,8658.88,8656.68,8705.11,34197.79
Tanah Bumbu,5379.54,5664.90,5521.12,5783.69,22349.26,1299.43,1344.05,1324.09,1549.71,5517.29,2445.53,2670.09,2625.24,2724.68,10465.53,9124.50,9679.04,9470.45,10058.09,38332.07
Balangan,4055.91,4812.08,4730.92,4611.02,18209.93,255.53,270.31,289.47,301.26,1116.57,853.01,893.21,902.65,966.68,3615.55,5164.46,5975.60,5923.03,5878.96,22942.05
Kota Banjarmasin,268.92,279.90,283.20,279.50,1111.52,3014.78,3246.30,3401.65,3516.84,13179.56,8295.59,8638.59,8891.52,9355.10,35180.81,11579.28,12164.79,12576.37,13151.44,49471.89
Kota Banjar Baru,149.42,154.94,181.91,160.04,646.30,733.01,834.38,852.42,866.22,3286.03,2768.54,2873.73,2877.54,3053.14,11572.95,3650.97,3863.05,3911.87,4079.40,15505.28
Paser,10509.50,10054.96,10447.94,11154.44,42166.83,1609.16,1650.13,1849.73,1920.07,7029.10,1839.23,1904.40,1957.86,2102.58,7804.06,13957.89,13609.49,14255.53,15177.09,56999.99
Kutai Barat,5989.57,5848.52,5785.05,5920.31,23543.45,2007.85,2076.59,2082.85,2284.19,8451.47,2198.51,2395.96,2390.21,2426.84,9411.52,10195.93,10321.06,10258.12,10631.34,41406.45
Kutai Kartanegara,36439.70,36734.64,35457.42,38133.74,146765.49,8366.38,8439.39,8574.04,8884.35,34264.16,6968.41,7295.16,7429.83,7930.39,29623.79,51774.49,52469.19,51461.29,54948.47,210653.44
Kutai Timur,31871.25,31637.30,29433.83,31094.63,124037.01,3561.57,3866.82,3527.56,3801.40,14757.35,3363.09,3522.34,3505.46,3728.56,14119.46,38795.91,39026.47,36466.84,38624.60,152913.83
Berau,7701.93,7893.63,7657.45,8340.19,31593.20,1374.14,1416.28,1411.05,1507.76,5709.23,3297.34,3439.51,3518.62,3748.71,14004.18,12373.42,12749.42,12587.11,13596.66,51306.61
Penajam Paser Utara,1477.71,1498.59,1439.86,1524.09,5940.24,3770.27,3871.04,3963.12,4078.23,15682.66,898.88,960.79,970.89,1072.14,3902.70,6146.86,6330.41,6373.88,6674.45,25525.60
Mahakam Ulu,802.90,810.58,811.48,834.79,3259.76,78.90,83.00,92.14,108.31,362.34,120.58,125.89,122.57,131.10,500.15,1002.39,1019.46,1026.20,1074.21,4122.25
Kota Balikpapan,370.51,381.44,376.81,372.85,1501.62,24809.72,26202.18,26278.24,28217.84,105507.98,15300.65,15693.66,15340.29,15972.40,62307.00,40480.88,42277.29,41995.34,44563.09,169316.60
Kota Samarinda,2371.73,2296.72,2254.42,2384.05,9306.92,7644.61,7715.11,8111.10,8371.09,31841.90,15434.18,16321.15,16381.26,17339.40,65475.99,25450.51,26332.98,26746.78,28094.55,106624.81
Kota Bontang,266.89,261.62,268.40,270.24,1067.14,14718.95,15408.56,14787.94,14453.62,59369.07,2486.17,2544.08,2577.47,2745.12,10352.84,17472.01,18214.25,17633.81,17468.98,70789.05
Malinau,3033.02,2943.13,2854.13,2916.46,11746.74,764.05,890.91,905.26,1008.09,3568.31,836.18,859.13,885.08,947.04,3527.43,4633.25,4693.16,4644.47,4871.59,18842.47
Bulungan,2762.83,2602.67,2646.17,2680.50,10692.17,1757.50,2027.53,2131.89,2444.46,8361.37,2039.35,2094.68,2116.50,2302.30,8552.83,6559.67,6724.87,6894.56,7427.27,27606.37
Tana Tidung,1429.25,1484.35,1505.93,1554.20,5973.72,444.37,503.80,531.13,671.38,2150.68,394.89,385.59,407.12,447.98,1635.58,2268.51,2373.74,2444.17,2673.56,9759.98
Nunukan,7392.21,7251.20,7336.38,7558.73,29538.53,1479.47,1546.95,1681.39,2020.41,6728.22,1514.11,1598.88,1618.89,1736.91,6468.80,10385.79,10397.03,10636.66,11316.06,42735.54
Kota Tarakan,1962.61,1994.34,2022.35,2027.92,8007.22,3687.13,3744.69,3834.29,4096.65,15362.76,8680.92,9043.18,9213.01,9522.27,36459.38,14330.66,14782.20,15069.65,15646.84,59829.36
Bolaang Mongondow,1493.03,1628.43,1628.00,1550.75,6300.20,466.67,486.92,576.71,641.37,2171.66,949.50,1021.77,992.18,1103.73,4067.19,2909.20,3137.12,3196.89,3295.85,12539.06
Minahasa,2010.08,2111.30,2178.07,2214.41,8513.86,1137.62,1207.02,1340.09,1442.77,5127.50,2925.65,3126.13,3019.50,3465.99,12537.27,6073.34,6444.45,6537.66,7123.18,26178.62
Kepulauan Sangihe,523.00,569.80,577.20,590.11,2260.11,201.38,213.27,252.48,270.86,937.99,836.89,901.51,876.62,985.56,3600.59,1561.27,1684.59,1706.30,1846.53,6798.69
Kepulauan Talaud,357.87,395.09,398.98,395.86,1547.79,93.72,99.86,118.95,124.70,437.23,329.17,355.55,339.65,389.11,1413.47,780.76,850.49,857.58,909.67,3398.50
Minahasa Selatan,1319.59,1401.40,1448.81,1488.83,5658.63,808.58,849.83,929.04,961.22,3548.67,1059.32,1138.36,1078.56,1247.22,4523.46,3187.48,3389.58,3456.42,3697.27,13730.75
Minahasa Utara,2116.17,2226.74,2309.28,2462.83,9115.03,1329.32,1410.44,1547.34,1657.46,5944.55,1721.62,1812.42,1761.00,2011.19,7306.23,5167.11,5449.59,5617.62,6131.48,22365.81
Bolaang Mongondow Utara,501.02,529.62,551.57,557.93,2140.14,147.32,159.66,183.94,193.18,684.10,241.17,257.78,249.86,287.95,1036.76,889.51,947.06,985.37,1039.07,3861.01
Siau Tagulandang Biaro,303.94,322.99,336.66,349.69,1313.29,78.49,82.44,99.72,110.14,370.79,476.18,498.27,487.88,559.53,2021.86,858.62,903.70,924.26,1019.36,3705.94
Minahasa Tenggara,691.39,745.58,754.61,756.69,2948.27,427.98,439.24,498.04,571.92,1937.19,730.37,783.44,742.69,852.52,3109.02,1849.73,1968.27,1995.34,2181.13,7994.48
Bolaang Mongondow Selatan,335.37,354.86,357.18,366.29,1413.70,101.07,116.55,138.61,142.30,498.53,306.38,332.07,321.20,350.43,1310.08,742.82,803.48,816.98,859.02,3222.31
Bolaang Mongondow Timur,719.19,780.26,802.87,826.63,3128.94,74.85,77.30,92.04,99.47,343.66,283.62,295.28,274.14,318.22,1171.26,1077.66,1152.84,1169.04,1244.32,4643.86
Kota Manado,270.28,275.64,278.13,300.13,1124.19,1592.33,1654.54,1862.81,1963.19,7072.87,11316.28,12260.10,12329.74,13393.47,49299.59,13178.89,14190.29,14470.68,15656.78,57496.65
Kota Bitung,1219.86,1186.08,1233.90,1399.45,5039.29,2978.10,3115.66,3119.87,3442.11,12655.74,2220.00,2422.98,2452.62,2613.08,9708.69,6417.96,6724.71,6806.39,7454.65,27403.71
Kota Tomohon,365.30,375.93,390.26,386.73,1518.21,358.98,388.07,431.74,462.29,1641.08,752.77,812.28,791.47,871.04,3227.56,1477.05,1576.28,1613.46,1720.06,6386.85
Kota Kotamobagu,134.42,148.15,155.03,157.38,594.98,196.77,213.34,248.41,260.75,919.27,977.40,1036.59,1007.70,1111.07,4132.74,1308.58,1398.08,1411.14,1529.19,5646.99
Banggai Kepulauan,674.18,714.37,720.23,769.70,2878.48,69.16,73.59,72.52,81.96,297.23,645.55,671.54,676.28,718.24,2711.62,1388.89,1459.50,1469.04,1569.90,5887.34
Banggai,4802.33,5004.12,5182.41,5241.77,20230.63,3573.30,3956.13,3855.09,4053.69,15438.20,2117.57,2190.12,2190.61,2360.90,8859.20,10493.20,11150.37,11228.10,11656.36,44528.03
Morowali,7654.54,8526.50,9417.34,9450.07,35048.44,32405.88,35616.02,38220.15,42274.45,148516.50,1279.04,1314.14,1335.16,1368.77,5297.11,41339.45,45456.66,48972.64,53093.29,188862.05
Poso,1378.55,1486.06,1437.30,1500.96,5802.87,393.38,399.63,405.57,419.51,1618.09,1521.67,1594.19,1593.29,1686.99,6396.14,3293.60,3479.88,3436.16,3607.46,13817.09
Donggala,2406.21,2641.99,2650.31,2745.34,10443.84,708.34,776.17,702.98,708.40,2895.89,1124.16,1234.36,1220.34,1303.42,4882.29,4238.71,4652.51,4573.63,4757.17,18222.02
Toli-Toli,1227.81,1285.86,1280.17,1293.32,5087.15,407.74,415.55,429.03,437.62,1689.95,1215.50,1287.37,1260.60,1359.95,5123.42,2851.04,2988.78,2969.80,3090.90,11900.53
Buol,1092.33,1132.40,1078.85,1156.76,4460.34,459.89,487.84,486.90,505.39,1940.02,532.64,570.24,553.96,595.31,2252.15,2084.86,2190.47,2119.71,2257.46,8652.51
Parigi Moutong,3097.41,3193.32,3117.06,3384.23,12792.03,913.75,953.65,938.80,957.51,3763.72,2136.70,2220.15,2215.39,2384.41,8956.64,6147.86,6367.13,6271.25,6726.14,25512.38
Tojo Una-Una,776.70,858.08,891.90,906.82,3433.50,239.48,252.10,271.67,284.23,1047.49,843.81,880.23,865.76,964.58,3554.38,1859.99,1990.41,2029.33,2155.64,8035.37
Sigi,1557.05,1591.09,1586.24,1664.81,6399.20,466.58,476.40,500.97,519.85,1963.79,1223.84,1295.19,1289.44,1417.74,5226.22,3247.47,3362.68,3376.66,3602.40,13589.21
Banggai Laut,475.56,495.27,512.50,539.47,2022.80,43.53,45.57,43.88,48.93,181.90,317.68,330.58,332.49,344.98,1325.73,836.77,871.42,888.87,933.38,3530.44
Morowali Utara,3901.90,4230.54,4521.74,4444.54,17098.73,4280.85,4573.75,4818.61,3523.13,17196.34,841.98,884.25,893.52,941.97,3561.72,9024.73,9688.54,10233.87,8909.65,37856.79
Kota Palu,980.43,1018.62,1179.99,1135.54,4314.58,1932.83,2018.91,2011.60,2177.59,8140.93,5313.68,5764.09,5498.89,6097.65,22674.31,8226.94,8801.63,8690.47,9410.79,35129.83
Kepulauan Selayar,954.21,1052.78,1164.26,846.52,4017.77,442.20,544.75,548.35,584.92,2120.21,630.00,724.61,718.01,748.05,2820.68,2026.40,2322.14,2430.62,2179.49,8958.66
Bulukumba,2056.00,2303.69,2430.15,1883.36,8673.20,856.98,899.30,1011.60,1054.11,3821.99,2037.69,2250.57,2372.26,2469.44,9129.96,4950.67,5453.56,5814.02,5406.91,21625.16
Bantaeng,887.21,1001.69,1050.51,973.61,3913.03,1026.11,1100.77,1082.09,1232.50,4441.47,1348.53,1400.69,1453.24,1690.85,5893.32,3261.86,3503.15,3585.84,3896.96,14247.82
Jeneponto,1489.57,2028.27,1781.26,939.18,6238.28,471.70,550.99,617.47,642.97,2283.13,1234.14,1437.21,1673.78,1575.10,5920.22,3195.41,4016.47,4072.50,3157.25,14441.63
Takalar,1819.01,1840.21,1966.37,1903.39,7528.98,375.58,404.33,444.67,503.04,1727.62,1208.45,1280.72,1319.55,1325.25,5133.97,3403.04,3525.26,3730.60,3731.68,14390.57
Gowa,2463.45,3182.45,3124.06,2958.67,11728.63,1462.26,1472.73,1490.63,1611.29,6036.90,3793.29,4152.30,4279.61,4205.95,16431.14,7719.00,8807.47,8894.30,8775.90,34196.68
Sinjai,1977.57,2273.72,2489.07,1860.89,8601.26,572.39,627.97,663.90,781.62,2645.88,1497.46,1595.50,1641.00,1637.11,6371.06,4047.42,4497.19,4793.97,4279.62,17618.20
Maros,1536.24,1788.42,1924.69,1692.52,6941.88,1625.74,1638.10,1867.42,2185.98,7317.24,3553.14,3971.44,3973.97,4152.76,15651.31,6715.12,7397.96,7766.08,8031.26,29910.42
Pangkajene dan Kepulauan,2841.23,3128.00,3066.80,2836.86,11872.90,4400.64,4548.45,4675.64,4985.43,18610.16,1786.12,1901.72,1919.98,1881.52,7489.34,9027.98,9578.18,9662.42,9703.81,37972.39
Barru,902.34,1085.46,1065.45,839.74,3892.99,561.36,581.89,681.48,839.20,2663.93,975.49,1051.17,1073.76,1083.18,4183.59,2439.18,2718.52,2820.68,2762.12,10740.51
Bone,7159.75,7427.81,8012.63,5803.52,28403.71,2064.64,2346.50,2465.28,2652.35,9528.77,3746.47,4034.51,4211.53,4284.29,16276.80,12970.87,13808.82,14689.44,12740.16,54209.29
Soppeng,1473.63,1488.89,1851.41,1397.78,6211.71,897.36,1020.84,1126.36,1151.14,4195.70,1626.47,1704.27,1832.53,1827.12,6990.39,3997.46,4213.99,4810.30,4376.05,17397.80
Wajo,3557.92,3192.90,3726.14,3240.16,13717.13,787.37,976.35,959.07,996.50,3719.29,2596.42,2677.14,2883.92,3161.64,11319.12,6941.71,6846.39,7569.12,7398.31,28755.53
Sidenreng Rappang,1954.51,1876.75,2188.43,1636.47,7656.16,1540.99,1706.67,1647.96,1903.85,6799.47,1658.24,1864.24,1841.55,1908.27,7272.30,5153.73,5447.67,5677.94,5448.59,21727.93
Pinrang,2655.52,3966.72,3129.19,3539.53,13290.96,976.90,1194.30,1269.18,1449.20,4889.58,2536.96,2638.49,2647.47,2753.53,10576.45,6169.38,7799.51,7045.84,7742.26,28756.99
Enrekang,1287.89,1299.62,1344.12,1397.52,5329.14,617.41,680.95,730.09,747.26,2775.71,755.38,815.10,795.96,870.11,3236.56,2660.68,2795.66,2870.17,3014.89,11341.40
Luwu,3197.04,3461.61,3692.19,2790.82,13141.66,763.30,837.68,924.80,954.16,3479.93,1868.99,2005.93,2111.30,2091.58,8077.80,5829.33,6305.22,6728.29,5836.56,24699.39
Tana Toraja,637.39,613.25,763.85,705.55,2720.03,506.44,495.11,552.39,599.85,2153.78,1370.90,1477.63,1550.47,1650.31,6049.31,2514.73,2586.00,2866.71,2955.70,10923.13
Luwu Utara,2937.08,3285.40,3442.41,2490.70,12155.59,725.92,850.90,889.49,1022.44,3488.75,1503.53,1562.83,1601.26,1730.04,6397.67,5166.53,5699.14,5933.16,5243.18,22042.00
Luwu Timur,4927.59,5750.49,5943.66,5282.18,21903.92,1023.95,989.30,1110.69,1532.35,4656.29,1162.09,1273.09,1277.53,1376.23,5088.95,7113.63,8012.88,8331.88,8190.76,31649.16
Toraja Utara,642.35,600.08,675.48,676.57,2594.47,664.67,768.76,781.43,850.09,3064.94,2025.54,2168.21,2257.33,2177.97,8629.05,3332.55,3537.04,3714.23,3704.63,14288.46
Kota Makasar,257.12,285.84,293.29,249.45,1085.71,20965.75,23214.82,24411.52,26012.13,94604.20,38612.19,41501.20,42474.47,43097.92,165685.78,59835.06,65001.86,67179.28,69359.50,261375.69
Kota Parepare,187.84,199.00,202.75,160.57,750.16,396.88,454.79,472.28,474.42,1798.37,1800.06,1993.54,2099.65,2182.24,8075.48,2384.78,2647.33,2774.67,2817.22,10624.01
Kota Palopo,438.00,505.55,508.26,451.79,1903.60,423.55,506.06,633.63,715.21,2278.45,1797.75,1911.54,1931.03,1965.13,7605.46,2659.31,2923.14,3072.93,3132.12,11787.50
Buton,723.58,741.38,761.75,794.52,3021.23,110.61,118.82,133.73,152.85,516.01,473.52,495.30,529.90,539.62,2038.34,1307.71,1355.50,1425.39,1486.98,5575.58
Muna,903.02,928.59,928.70,988.41,3748.73,361.06,397.22,460.33,475.55,1694.17,1090.82,1123.03,1180.65,1252.74,4647.23,2354.90,2448.84,2569.68,2716.70,10090.13
Konawe,1169.29,1270.87,1143.28,1333.74,4917.19,3546.66,3497.18,3894.25,4063.35,15001.43,995.95,1023.46,1052.01,1086.56,4157.98,5711.91,5791.51,6089.53,6483.65,24076.60
Kolaka,6654.56,6898.99,6977.31,7070.31,27601.18,1162.35,1342.43,1585.40,1655.21,5745.39,1797.35,1891.96,1906.05,1943.88,7539.24,9614.27,10133.38,10468.77,10669.39,40885.81
Konawe Selatan,2196.24,2343.25,2399.82,2594.69,9534.00,431.83,457.19,566.30,639.86,2095.18,1798.55,1867.14,1900.42,2029.49,7595.60,4426.61,4667.58,4866.54,5264.05,19224.78
Bombana,1389.87,1454.10,1493.11,1587.63,5924.71,298.60,276.52,380.05,432.48,1387.65,588.20,594.93,629.31,630.01,2442.46,2276.67,2325.55,2502.47,2650.12,9754.81
Wakatobi,656.74,662.49,671.73,707.35,2698.30,274.37,285.39,375.02,381.92,1316.70,573.42,616.34,639.90,650.00,2479.66,1504.52,1564.21,1686.66,1739.26,6494.66
Kolaka Utara,1941.83,2164.85,2196.97,2071.70,8375.34,417.01,443.04,537.25,592.11,1989.41,691.86,691.47,748.78,746.78,2878.88,3050.70,3299.35,3483.00,3410.59,13243.64
Buton Utara,528.65,546.85,537.20,559.30,2172.01,202.70,209.87,250.48,267.04,930.09,349.63,359.10,373.61,385.43,1467.77,1080.98,1115.82,1161.29,1211.77,4569.87
Konawe Utara,949.26,973.06,979.62,1036.91,3938.85,160.05,174.08,207.53,255.54,797.20,343.44,350.80,353.25,381.14,1428.62,1452.75,1497.94,1540.40,1673.58,6164.67
Kolaka Timur,838.27,892.41,864.03,887.04,3481.76,195.82,204.82,254.47,278.47,933.58,512.31,523.53,541.47,549.27,2126.58,1546.40,1620.76,1659.97,1714.78,6541.92
Konawe Kepulauan,345.02,378.54,389.47,379.49,1492.52,39.15,40.69,41.36,55.75,176.95,122.61,125.64,128.13,131.99,508.37,506.78,544.87,558.95,567.23,2177.84
Muna Barat,437.85,446.56,475.60,478.04,1838.06,182.74,196.46,221.10,248.89,849.20,250.73,266.74,272.87,288.54,1078.88,871.32,909.77,969.57,1015.48,3766.14
Buton Tengah,363.41,404.43,399.92,406.00,1573.76,150.57,154.08,179.42,190.41,674.48,273.30,286.60,297.86,309.06,1166.82,787.29,845.10,877.21,905.46,3415.06
Buton Selatan,622.33,621.06,606.05,654.95,2504.39,144.12,149.07,179.79,209.11,682.08,218.79,230.18,236.41,238.91,924.28,985.23,1000.31,1022.24,1102.96,4110.74
Kota Kendari,1152.10,1184.10,1098.06,1427.82,4862.07,1719.81,1964.38,2163.83,2317.54,8165.56,4529.56,4582.02,4839.66,5149.69,19100.93,7401.46,7730.51,8101.54,8895.05,32128.56
Kota Baubau,559.12,576.39,608.34,604.54,2348.39,619.48,650.64,757.51,909.65,2937.28,1752.98,1886.57,1994.62,2049.88,7684.06,2931.58,3113.59,3360.47,3564.08,12969.72
Boalemo,958.41,947.30,1055.11,1055.97,4016.79,143.08,143.55,158.09,178.60,623.31,685.19,724.05,716.30,739.57,2865.11,1786.68,1814.90,1929.49,1974.14,7505.21
Gorontalo,1817.05,1789.14,1944.88,1851.31,7402.38,830.87,907.75,874.49,928.60,3541.71,1809.90,1888.72,1896.88,1965.19,7560.68,4457.82,4585.60,4716.25,4745.10,18504.77
Pohuwato,1263.79,1383.71,1413.95,1264.94,5326.39,271.96,266.40,375.74,345.08,1259.18,696.73,713.17,707.30,798.19,2915.39,2232.48,2363.29,2496.98,2408.21,9500.96
Bone Bolango,553.94,554.06,590.97,611.97,2310.94,282.32,284.06,327.49,340.08,1233.96,707.74,743.38,734.67,758.12,2943.90,1544.01,1581.49,1653.13,1710.17,6488.80
Gorontalo Utara,615.40,622.01,648.72,647.02,2533.15,133.17,134.10,162.13,174.79,604.19,390.95,414.40,414.11,426.99,1646.46,1139.53,1170.51,1224.96,1248.80,4783.80
Kota Gorontalo,137.24,148.63,133.50,142.06,561.42,544.00,576.11,606.73,614.38,2341.21,2218.95,2289.41,2313.12,2402.07,9223.55,2900.18,3014.15,3053.34,3158.50,12126.18
Majene,714.38,780.79,791.36,862.19,3148.73,188.36,218.80,214.84,232.80,854.79,753.94,744.39,757.95,790.65,3046.93,1656.68,1743.99,1764.14,1885.64,7050.45
Polewali Mandar,2254.11,2291.01,2394.95,2362.96,9303.03,547.45,595.11,635.50,642.61,2420.67,1848.85,1856.35,1891.72,1985.85,7582.77,4650.41,4742.47,4922.17,4991.42,19306.48
Mamasa,404.01,422.46,396.82,424.35,1647.64,110.86,130.10,157.85,156.51,555.33,462.23,455.83,477.45,491.21,1886.71,977.10,1008.39,1032.12,1072.06,4089.68
Mamuju,1845.48,1999.70,2037.39,2060.72,7943.29,472.18,585.49,653.65,662.33,2373.65,1777.50,1759.74,1815.22,1867.78,7220.24,4095.16,4344.93,4506.26,4590.83,17537.18
Mamuju Utara,2064.65,2574.18,2405.06,2518.78,9562.66,1425.06,1626.50,1575.27,1610.67,6237.49,630.75,646.43,649.35,691.72,2618.24,4120.45,4847.11,4629.67,4821.17,18418.40
Mamuju Tengah,919.94,1039.49,995.21,1015.39,3970.04,120.92,134.29,128.81,129.62,513.64,173.71,177.37,175.66,179.88,706.62,1214.57,1351.15,1299.69,1324.89,5190.30
Maluku Tenggara Barat,203.98,203.25,207.81,208.25,823.29,160.45,179.36,180.75,191.83,712.38,556.67,567.20,579.67,605.00,2308.54,921.10,949.80,968.24,1005.08,3844.22
Maluku Tenggara,359.84,351.24,373.42,381.84,1466.33,133.27,148.21,152.73,159.02,593.23,626.20,644.16,651.17,688.48,2610.01,1119.31,1143.61,1177.32,1229.33,4669.57
Maluku Tengah,751.81,732.93,779.73,762.11,3026.58,524.60,561.76,578.27,602.09,2266.72,1661.07,1703.05,1729.04,1807.64,6900.80,2937.48,2997.74,3087.04,3171.85,12194.10
Buru,277.61,277.43,294.71,277.62,1127.36,173.83,185.81,187.94,195.40,742.99,353.40,365.19,368.59,390.78,1477.95,804.84,828.43,851.24,863.80,3348.30
Kepulauan Aru,717.96,704.61,771.19,863.00,3056.76,121.60,139.26,145.00,153.94,559.79,357.50,368.98,377.96,402.71,1507.15,1197.06,1212.85,1294.15,1419.65,5123.71
Seram Bagian Barat,370.39,359.92,397.41,375.10,1502.81,174.33,181.02,198.49,213.65,767.50,498.12,509.00,513.45,539.14,2059.71,1042.84,1049.94,1109.35,1127.89,4330.02
Seram Bagian Timur,454.26,429.38,456.38,440.39,1780.42,85.77,94.68,99.98,105.43,385.87,386.09,397.77,400.58,422.69,1607.12,926.12,921.83,956.94,968.51,3773.40
Maluku Barat Daya,245.33,244.96,292.17,291.64,1074.11,326.86,198.32,374.19,421.31,1320.68,251.43,256.79,256.56,277.78,1042.56,823.62,700.07,922.92,990.73,3437.34
Buru Selatan,182.84,179.89,191.51,192.08,746.31,57.20,61.40,63.17,66.24,248.00,240.00,245.89,248.90,260.85,995.64,480.04,487.18,503.57,519.17,1989.95
Kota Ambon,230.70,224.22,230.10,225.63,910.65,448.83,483.77,497.91,516.67,1947.18,4350.15,4434.27,4540.20,4834.03,18158.66,5029.69,5142.26,5268.21,5576.34,21016.49
Kota Tual,350.10,356.91,373.60,391.56,1472.16,87.01,91.87,96.42,101.70,377.00,421.13,432.28,441.57,459.77,1754.75,858.24,881.06,911.59,953.03,3603.92
Halmahera Barat,315.97,322.57,332.85,340.64,1312.02,70.97,71.72,74.33,77.94,294.97,375.58,392.10,390.89,404.05,1562.61,762.52,786.39,798.06,822.64,3169.60
Halmahera Tengah,3567.41,3533.79,3392.17,4395.33,14888.71,7063.11,8646.34,9604.59,12743.49,38057.53,484.60,506.74,470.73,552.74,2014.81,11115.12,12686.87,13467.49,17691.56,54961.04
Kepulauan Sula,373.17,386.29,391.74,404.13,1555.32,132.23,139.01,139.51,159.59,570.35,369.11,384.78,364.92,372.61,1491.42,874.51,910.09,896.16,936.32,3617.08
Halmahera Selatan,1961.26,2030.01,2242.01,2331.89,8565.17,4134.04,4501.28,5006.68,5047.99,18689.99,849.65,864.45,872.20,924.94,3511.25,6944.95,7395.74,8120.90,8304.83,30766.41
Halmahera Utara,946.79,979.48,1083.12,1165.38,4174.77,198.12,192.53,198.07,203.26,791.97,695.76,703.59,713.80,764.08,2877.23,1840.67,1875.60,1994.99,2132.72,7843.97
Halmahera Timur,981.67,1753.04,1653.31,1631.92,6019.95,143.97,144.07,147.77,153.36,589.17,420.55,418.17,423.10,445.97,1707.79,1546.19,2315.28,2224.18,2231.25,8316.90
Pulau Morotai,240.59,249.91,260.85,262.17,1013.53,65.25,62.68,69.02,69.58,266.52,218.27,226.00,229.06,241.84,915.17,524.10,538.60,558.93,573.59,2195.22
Pulau Taliabu,379.17,378.40,391.97,399.25,1548.80,27.92,29.43,29.67,29.93,116.95,146.70,150.38,153.62,160.27,610.97,553.79,558.21,575.26,589.46,2276.72
Kota Ternate,171.13,176.88,180.77,184.68,713.45,326.19,338.53,335.24,364.55,1364.52,3515.17,3592.87,3521.62,3864.80,14494.46,4012.49,4108.28,4037.63,4414.03,16572.43
Kota Tidore Kepulauan,234.82,243.84,246.75,255.46,980.88,85.57,87.53,90.40,94.20,357.70,666.31,692.41,667.78,713.52,2740.04,986.71,1023.79,1004.93,1063.19,4078.61
Fakfak,257.83,259.98,262.13,259.47,1039.41,475.12,511.51,500.44,544.56,2031.62,859.79,848.51,877.89,907.39,3493.57,1592.74,1620.00,1640.46,1711.42,6564.60
Kaimana,189.95,184.89,187.17,190.47,752.48,173.09,195.07,225.48,250.47,844.11,388.89,394.86,402.98,416.92,1603.63,751.92,774.82,815.62,857.86,3200.22
Teluk Wondama,133.95,135.90,140.14,145.45,555.44,90.16,93.48,105.99,100.81,390.44,237.90,253.94,237.14,248.59,977.57,462.01,483.32,483.27,494.85,1923.45
Teluk Bintuni,5446.61,5341.57,5369.29,5532.18,21689.65,8483.21,8321.84,8320.36,8725.09,33850.50,420.44,420.22,423.46,410.31,1674.43,14350.26,14083.63,14113.11,14667.58,57214.58
Manokwari,421.46,429.37,438.03,431.52,1720.38,578.31,594.43,602.01,618.00,2392.75,1933.69,1964.20,1987.86,2044.18,7929.92,2933.46,2988.00,3027.90,3093.70,12043.05
Manokwari Selatan,147.20,149.91,148.96,149.86,595.93,11.33,11.35,11.58,11.84,46.09,103.84,105.09,105.63,109.54,424.11,262.37,266.35,266.17,271.24,1066.12
Pegunungan Arfak,16.10,16.13,16.34,16.33,64.89,20.27,20.29,21.28,21.36,83.20,58.84,58.98,58.36,60.78,236.97,95.21,95.39,95.99,98.47,385.06
Raja Ampat,667.89,655.18,644.13,666.45,2633.65,127.08,126.21,132.40,134.96,520.66,287.64,285.44,281.28,301.07,1155.43,1082.61,1066.84,1057.81,1102.48,4309.74
Sorong,821.04,837.67,839.33,847.68,3345.72,1914.56,1908.79,1946.93,2003.37,7773.65,557.37,567.03,576.26,582.10,2282.76,3292.98,3313.49,3362.53,3433.14,13402.13
Sorong Selatan,156.32,160.54,161.65,164.77,643.27,140.71,145.82,152.84,158.34,597.71,291.43,297.02,304.16,320.65,1213.26,588.46,603.38,618.65,643.75,2454.25
Maybrat,55.20,56.82,57.67,59.61,229.31,34.09,35.31,37.16,38.95,145.51,123.79,131.98,131.09,138.11,524.98,213.08,224.11,225.93,236.67,899.80
Tambrauw,22.03,22.40,22.47,22.68,89.58,17.27,17.69,17.94,18.75,71.66,41.06,42.21,42.65,44.10,170.03,80.36,82.30,83.06,85.54,331.27
Kota Sorong,439.50,436.21,433.83,452.68,1762.22,955.76,931.65,980.74,1032.26,3900.40,3001.00,3073.91,3082.31,3217.66,12374.89,4396.25,4441.77,4496.88,4702.60,18037.50
Jayapura,997.90,1031.03,1052.07,1070.04,4151.04,1032.53,1041.41,1097.72,1124.17,4295.82,3161.08,3248.54,3286.86,3386.68,13083.16,5191.51,5320.97,5436.65,5580.89,21530.02
Kepulauan Yapen,341.24,351.79,354.74,365.16,1412.93,156.02,156.71,162.00,166.34,641.07,841.85,872.01,875.38,889.81,3479.05,1339.11,1380.51,1392.12,1421.30,5533.05
Biak Numfor,373.87,381.09,380.90,390.52,1526.38,175.60,176.75,178.44,185.19,715.98,1111.60,1148.78,1161.06,1189.99,4611.43,1661.07,1706.62,1720.40,1765.71,6853.80
Sarmi,285.84,292.51,295.90,304.75,1179.00,226.13,225.43,233.33,244.12,929.01,465.79,481.90,481.12,501.92,1930.73,977.76,999.84,1010.36,1050.79,4038.74
Keerom,295.51,303.24,311.28,314.57,1224.60,308.84,311.22,315.72,320.10,1255.88,318.65,328.78,327.85,339.02,1314.30,923.00,943.23,954.85,973.69,3794.78
Waropen,170.51,178.95,185.52,188.92,723.91,193.81,194.78,199.21,218.60,806.40,260.05,267.02,268.24,273.12,1068.43,624.37,640.76,652.96,680.65,2598.74
Supiori,81.58,82.88,85.61,90.48,340.54,105.03,108.18,109.24,113.60,436.05,128.87,135.08,134.57,136.86,535.38,315.48,326.14,329.42,340.93,1311.97
Mamberamo Raya,118.39,119.50,125.09,126.38,489.36,148.96,149.93,153.06,162.34,614.28,318.29,329.67,327.68,340.37,1316.00,585.63,599.10,605.83,629.09,2419.65
Kota Jayapura,582.82,607.03,609.71,624.63,2424.18,2576.39,2594.69,2701.66,2780.67,10653.40,6997.17,7247.44,7314.37,7575.26,29134.23,10156.37,10449.15,10625.73,10980.56,42211.81
Merauke,1196.73,1205.93,1256.18,1278.26,4937.09,1173.92,1208.29,1239.72,1280.51,4902.44,2870.25,2948.62,2982.41,3111.16,11912.45,5240.90,5362.84,5478.31,5669.93,21751.97
Boven Digoel,407.38,419.23,430.27,426.53,1683.40,667.84,687.02,703.11,724.81,2782.78,407.86,420.41,434.55,447.65,1710.47,1483.08,1526.66,1567.93,1598.98,6176.65
Mappi,180.98,185.89,188.02,188.12,743.01,366.01,389.43,392.98,417.67,1566.08,435.74,450.28,449.13,464.33,1799.48,982.74,1025.61,1030.12,1070.12,4108.58
Asmat,143.57,146.87,142.67,147.79,580.91,319.87,323.83,335.71,362.64,1342.04,438.52,447.01,432.00,442.50,1760.02,901.96,917.70,910.38,952.93,3682.97
Mimika,26468.11,33323.95,31413.80,24991.32,116197.18,812.12,868.13,919.52,956.24,3556.00,2749.20,2805.42,2839.47,2932.31,11326.40,30029.42,36997.50,35172.79,28879.87,131079.58
Dogiyai,121.51,122.20,127.77,127.49,498.97,67.21,70.92,74.60,77.03,289.76,228.32,233.92,235.45,240.88,938.57,417.05,427.04,437.82,445.40,1727.31
Deiyai,85.79,86.85,89.07,89.09,350.80,167.67,171.73,178.51,191.57,709.48,187.38,192.87,196.83,205.48,782.55,440.85,451.45,464.40,486.14,1842.83
Nabire,1397.18,1438.42,1486.32,1510.86,5832.78,670.20,703.03,730.76,742.98,2846.98,1727.49,1823.65,1891.74,1995.01,7437.89,3794.88,3965.10,4108.81,4248.86,16117.65
Paniai,579.60,577.59,579.26,591.54,2327.99,437.59,449.69,467.62,479.07,1833.97,346.97,362.37,372.14,389.89,1471.37,1364.16,1389.65,1419.02,1460.50,5633.33
Intan Jaya,87.99,88.69,90.10,91.81,358.60,151.06,153.83,156.80,160.18,621.87,137.31,142.65,143.74,148.81,572.51,376.36,385.17,390.65,400.80,1552.98
Puncak,59.17,58.57,60.08,58.13,235.94,164.31,175.29,184.19,191.73,715.52,224.94,229.44,228.53,232.32,915.23,448.42,463.29,472.80,482.18,1866.70
Puncak Jaya,110.54,114.33,115.26,115.15,455.28,125.82,131.49,135.47,137.91,530.68,189.35,196.30,203.79,210.34,799.78,425.70,442.12,454.51,463.40,1785.74
Nduga,86.91,87.68,89.47,85.80,349.86,123.24,119.29,132.24,164.82,539.60,206.32,216.29,205.03,218.58,846.22,416.46,423.26,426.75,469.21,1735.68
Jayawijaya,361.54,384.19,402.85,408.10,1556.67,390.52,477.49,460.13,502.74,1830.88,2081.41,2216.73,2219.08,2257.60,8774.82,2833.46,3078.41,3082.06,3168.44,12162.37
Lanny Jaya,124.44,130.75,143.88,141.04,540.12,178.21,172.22,169.84,186.31,706.57,338.51,395.67,394.45,385.31,1513.93,641.16,698.64,708.16,712.66,2760.62
Tolikara,126.82,127.68,129.44,132.89,516.82,122.56,124.94,130.44,131.93,509.86,309.47,319.92,324.42,327.30,1281.11,558.84,572.54,584.30,592.11,2307.79
Mamberamo Tengah,64.52,68.21,72.75,70.74,276.22,110.99,100.51,101.95,122.10,435.56,232.83,238.18,244.70,243.20,958.91,408.34,406.90,419.39,436.05,1670.68
Yalimo,99.87,101.52,103.69,100.75,405.83,112.51,108.92,110.75,117.39,449.57,236.28,245.64,257.57,253.52,993.01,448.66,456.08,472.01,471.66,1848.41
Yahukimo,163.22,167.52,173.41,178.05,682.18,159.48,166.20,183.06,192.54,701.28,492.12,517.59,516.72,525.22,2051.65,814.82,851.31,873.18,895.81,3435.11
Pegunungan Bintang,135.52,141.28,145.61,149.34,571.74,201.38,204.82,209.88,220.25,836.33,326.56,335.15,330.21,340.13,1332.05,663.46,681.25,685.69,709.72,2740.12
